checkpoint_name,training_step,population,measure,pearson_r,pearson_p
trained_model_checkpoint_200.pkl,200,Adults,ER,0.1809141407016331,0.0777394294534078
trained_model_checkpoint_210.pkl,210,Adults,ER,0.1919319255006876,0.0610181404348177
trained_model_checkpoint_220.pkl,220,Adults,ER,0.1886611805705156,0.0656437950229579
trained_model_checkpoint_230.pkl,230,Adults,ER,0.1749383169372696,0.0882395587188918
trained_model_checkpoint_240.pkl,240,Adults,ER,0.1933449935200998,0.0591036355834951
trained_model_checkpoint_250.pkl,250,Adults,ER,0.1869678059548985,0.0681481200917785
trained_model_checkpoint_260.pkl,260,Adults,ER,0.1905527623924389,0.0629351523201967
trained_model_checkpoint_270.pkl,270,Adults,ER,0.196819359032707,0.0546043206607706
trained_model_checkpoint_280.pkl,280,Adults,ER,0.2019829510849496,0.0484400695913916
trained_model_checkpoint_290.pkl,290,Adults,ER,0.1913323817798664,0.0618455652847778
trained_model_checkpoint_300.pkl,300,Adults,ER,0.1906528629191803,0.062794385354593
trained_model_checkpoint_310.pkl,310,Adults,ER,0.2110843197274841,0.0389773729617329
trained_model_checkpoint_320.pkl,320,Adults,ER,0.2221281926262637,0.0296192852046954
trained_model_checkpoint_330.pkl,330,Adults,ER,0.2262296248143737,0.0266660823865078
trained_model_checkpoint_340.pkl,340,Adults,ER,0.2215017750991613,0.0300938305260402
trained_model_checkpoint_350.pkl,350,Adults,ER,0.2180187113757419,0.0328512533754094
trained_model_checkpoint_360.pkl,360,Adults,ER,0.2133833493644292,0.0368483771516268
trained_model_checkpoint_370.pkl,370,Adults,ER,0.2070604928223402,0.0429508593224476
trained_model_checkpoint_380.pkl,380,Adults,ER,0.2017721579129254,0.0486799386293326
trained_model_checkpoint_390.pkl,390,Adults,ER,0.2180119188174091,0.0328568320135525
trained_model_checkpoint_400.pkl,400,Adults,ER,0.2155867662295574,0.0349002434448161
trained_model_checkpoint_410.pkl,410,Adults,ER,0.2009366608356574,0.0496403528236718
trained_model_checkpoint_420.pkl,420,Adults,ER,0.1937945427890386,0.0585049494140225
trained_model_checkpoint_430.pkl,430,Adults,ER,0.1864765137266864,0.0688889822161714
trained_model_checkpoint_440.pkl,440,Adults,ER,0.1943142923475485,0.0578189608650548
trained_model_checkpoint_450.pkl,450,Adults,ER,0.216951550247449,0.0337375396831295
trained_model_checkpoint_460.pkl,460,Adults,ER,0.2062698095830161,0.0437699777378317
trained_model_checkpoint_470.pkl,470,Adults,ER,0.1999518746741724,0.0507923986589004
trained_model_checkpoint_480.pkl,480,Adults,ER,0.1913853783000392,0.0617720590756741
trained_model_checkpoint_490.pkl,490,Adults,ER,0.2068229957902734,0.0431955468340278
trained_model_checkpoint_500.pkl,500,Adults,ER,0.1812022837500718,0.0772596110898372
trained_model_checkpoint_510.pkl,510,Adults,ER,0.1994816056450492,0.0513502637162196
trained_model_checkpoint_520.pkl,520,Adults,ER,0.1906832379575141,0.0627517209649579
trained_model_checkpoint_530.pkl,530,Adults,ER,0.1851364486869338,0.0709429276818197
trained_model_checkpoint_540.pkl,540,Adults,ER,0.1985635438988392,0.0524538748713081
trained_model_checkpoint_550.pkl,550,Adults,ER,0.1910668223500092,0.0622149698053467
trained_model_checkpoint_560.pkl,560,Adults,ER,0.2026629986318885,0.0476728687116927
trained_model_checkpoint_570.pkl,570,Adults,ER,0.2076908439274371,0.0423070084477488
trained_model_checkpoint_580.pkl,580,Adults,ER,0.2086367019371598,0.0413559793214575
trained_model_checkpoint_590.pkl,590,Adults,ER,0.2127396089771489,0.0374344457605706
trained_model_checkpoint_600.pkl,600,Adults,ER,0.2024860399998391,0.047871532071128
trained_model_checkpoint_610.pkl,610,Adults,ER,0.2121768533553008,0.0379531600673672
trained_model_checkpoint_620.pkl,620,Adults,ER,0.2141739655427336,0.0361391305582445
trained_model_checkpoint_630.pkl,630,Adults,ER,0.2003290430331124,0.0503485938516059
trained_model_checkpoint_640.pkl,640,Adults,ER,0.2209575409569185,0.0305113213961494
trained_model_checkpoint_650.pkl,650,Adults,ER,0.1965727685529086,0.0549141042455282
trained_model_checkpoint_660.pkl,660,Adults,ER,0.2064081562925724,0.0436257260724825
trained_model_checkpoint_670.pkl,670,Adults,ER,0.207983555463306,0.0420107708661811
trained_model_checkpoint_680.pkl,680,Adults,ER,0.1995660136817117,0.0512497632189996
trained_model_checkpoint_690.pkl,690,Adults,ER,0.1954763046306266,0.0563090630675617
trained_model_checkpoint_700.pkl,700,Adults,ER,0.2075184963955157,0.0424822439070565
trained_model_checkpoint_710.pkl,710,Adults,ER,0.2158422018965315,0.0346801044237594
trained_model_checkpoint_720.pkl,720,Adults,ER,0.2096259636711476,0.0403804364151982
trained_model_checkpoint_730.pkl,730,Adults,ER,0.217309739148386,0.0334378440377681
trained_model_checkpoint_740.pkl,740,Adults,ER,0.2204081005670791,0.0309377607279323
trained_model_checkpoint_750.pkl,750,Adults,ER,0.2052493260745004,0.0448463065085693
trained_model_checkpoint_760.pkl,760,Adults,ER,0.2077694621203301,0.0422272729422869
trained_model_checkpoint_770.pkl,770,Adults,ER,0.2105131960989877,0.039521911154343
trained_model_checkpoint_780.pkl,780,Adults,ER,0.2081594420077262,0.0418335977206557
trained_model_checkpoint_790.pkl,790,Adults,ER,0.2133577057956804,0.0368715754220883
trained_model_checkpoint_800.pkl,800,Adults,ER,0.2172788763835274,0.0334635782954726
trained_model_checkpoint_810.pkl,810,Adults,ER,0.2184029579231259,0.0325369734197441
trained_model_checkpoint_820.pkl,820,Adults,ER,0.2143936006934821,0.0359441447303829
trained_model_checkpoint_830.pkl,830,Adults,ER,0.2124210779999015,0.0377273144266026
trained_model_checkpoint_840.pkl,840,Adults,ER,0.2301555715949681,0.0240774569641822
trained_model_checkpoint_850.pkl,850,Adults,ER,0.2184922500689762,0.0324643042316844
trained_model_checkpoint_860.pkl,860,Adults,ER,0.2227482899528709,0.0291557795164587
trained_model_checkpoint_870.pkl,870,Adults,ER,0.2175721570773053,0.0332197046905537
trained_model_checkpoint_880.pkl,880,Adults,ER,0.2229741553993064,0.0289884842118199
trained_model_checkpoint_890.pkl,890,Adults,ER,0.2167591206492389,0.0338994760898559
trained_model_checkpoint_900.pkl,900,Adults,ER,0.2197066382589182,0.0314894954540488
trained_model_checkpoint_910.pkl,910,Adults,ER,0.2106095327146894,0.0394296159833853
trained_model_checkpoint_920.pkl,920,Adults,ER,0.2121477387458228,0.0379801589903958
trained_model_checkpoint_930.pkl,930,Adults,ER,0.2052532270861165,0.0448421505767331
trained_model_checkpoint_940.pkl,940,Adults,ER,0.1932595443206088,0.0592179963047509
trained_model_checkpoint_950.pkl,950,Adults,ER,0.1920569582901513,0.0608467259286812
trained_model_checkpoint_960.pkl,960,Adults,ER,0.1968452583553728,0.0545718675772133
trained_model_checkpoint_970.pkl,970,Adults,ER,0.1988251611341172,0.0521374124600771
trained_model_checkpoint_980.pkl,980,Adults,ER,0.1993938132000587,0.0514549660205648
trained_model_checkpoint_990.pkl,990,Adults,ER,0.2049624923406788,0.0451527609401934
trained_model_checkpoint_1000.pkl,1000,Adults,ER,0.2022202645368474,0.0481711918004115
trained_model_checkpoint_1010.pkl,1010,Adults,ER,0.1998475030483102,0.0509157781438319
trained_model_checkpoint_1020.pkl,1020,Adults,ER,0.1990427860517479,0.0518753634610995
trained_model_checkpoint_1030.pkl,1030,Adults,ER,0.1927720782359545,0.059873855714653
trained_model_checkpoint_1040.pkl,1040,Adults,ER,0.2100052159901812,0.0400115699682212
trained_model_checkpoint_1050.pkl,1050,Adults,ER,0.2157288243712054,0.034777670754043
trained_model_checkpoint_1060.pkl,1060,Adults,ER,0.198597375175777,0.0524128624974598
trained_model_checkpoint_1070.pkl,1070,Adults,ER,0.2011882717182436,0.0493494914746175
trained_model_checkpoint_1080.pkl,1080,Adults,ER,0.2148855970580252,0.0355105656624291
trained_model_checkpoint_1090.pkl,1090,Adults,ER,0.1998086452515275,0.050961775652703
trained_model_checkpoint_1100.pkl,1100,Adults,ER,0.1868866079360037,0.0682701190356306
trained_model_checkpoint_200.pkl,200,Kids_II,ER,0.1430220325333961,0.1644908525280028
trained_model_checkpoint_210.pkl,210,Kids_II,ER,0.1494200304608777,0.1462226297709349
trained_model_checkpoint_220.pkl,220,Kids_II,ER,0.1521412649026487,0.1389330815158118
trained_model_checkpoint_230.pkl,230,Kids_II,ER,0.1444378363812263,0.1603093669400787
trained_model_checkpoint_240.pkl,240,Kids_II,ER,0.1533993485173929,0.135657538823402
trained_model_checkpoint_250.pkl,250,Kids_II,ER,0.1610983387158142,0.1168767615491283
trained_model_checkpoint_260.pkl,260,Kids_II,ER,0.1557418408220123,0.1297154503278031
trained_model_checkpoint_270.pkl,270,Kids_II,ER,0.1651024989239761,0.1079382271156074
trained_model_checkpoint_280.pkl,280,Kids_II,ER,0.1700877533645282,0.097564345572848
trained_model_checkpoint_290.pkl,290,Kids_II,ER,0.1595940789202172,0.1203787750512422
trained_model_checkpoint_300.pkl,300,Kids_II,ER,0.1729938616668011,0.0918889160723768
trained_model_checkpoint_310.pkl,310,Kids_II,ER,0.1704583086617909,0.0968257053694015
trained_model_checkpoint_320.pkl,320,Kids_II,ER,0.1617684775963671,0.1153422120201984
trained_model_checkpoint_330.pkl,330,Kids_II,ER,0.1595780407959496,0.1204165435114019
trained_model_checkpoint_340.pkl,340,Kids_II,ER,0.18196099418033,0.0760075498385859
trained_model_checkpoint_350.pkl,350,Kids_II,ER,0.1965861491743282,0.0548972576914987
trained_model_checkpoint_360.pkl,360,Kids_II,ER,0.1679632335166508,0.101885103077373
trained_model_checkpoint_370.pkl,370,Kids_II,ER,0.1652082920012113,0.1077094971652946
trained_model_checkpoint_380.pkl,380,Kids_II,ER,0.1776036695647677,0.0834251048789671
trained_model_checkpoint_390.pkl,390,Kids_II,ER,0.1689406380666052,0.0998790444500521
trained_model_checkpoint_400.pkl,400,Kids_II,ER,0.1705513045748872,0.0966410260265529
trained_model_checkpoint_410.pkl,410,Kids_II,ER,0.1828586607974253,0.0745472674550562
trained_model_checkpoint_420.pkl,420,Kids_II,ER,0.1854124180172951,0.0705159530073932
trained_model_checkpoint_430.pkl,430,Kids_II,ER,0.1724466907689551,0.0929370730392075
trained_model_checkpoint_440.pkl,440,Kids_II,ER,0.1710004771337737,0.095752920510094
trained_model_checkpoint_450.pkl,450,Kids_II,ER,0.1820567764169153,0.0758506498034976
trained_model_checkpoint_460.pkl,460,Kids_II,ER,0.2098323607162908,0.0401793412806624
trained_model_checkpoint_470.pkl,470,Kids_II,ER,0.1817163064816534,0.0764095536218367
trained_model_checkpoint_480.pkl,480,Kids_II,ER,0.2035006523752319,0.0467417044657908
trained_model_checkpoint_490.pkl,490,Kids_II,ER,0.2017219295748814,0.0487372397745756
trained_model_checkpoint_500.pkl,500,Kids_II,ER,0.1914561470720688,0.061674013696343
trained_model_checkpoint_510.pkl,510,Kids_II,ER,0.1904022335926721,0.0631473174489117
trained_model_checkpoint_520.pkl,520,Kids_II,ER,0.2071342157907437,0.0428751391831038
trained_model_checkpoint_530.pkl,530,Kids_II,ER,0.2287052345578291,0.025007622727059
trained_model_checkpoint_540.pkl,540,Kids_II,ER,0.2013035100322264,0.0492167468718919
trained_model_checkpoint_550.pkl,550,Kids_II,ER,0.2009993082030214,0.0495678007345717
trained_model_checkpoint_560.pkl,560,Kids_II,ER,0.2151219263750808,0.0353038630271114
trained_model_checkpoint_570.pkl,570,Kids_II,ER,0.2203623050013871,0.0309735303803121
trained_model_checkpoint_580.pkl,580,Kids_II,ER,0.2210821702576975,0.0304152866297256
trained_model_checkpoint_590.pkl,590,Kids_II,ER,0.2286174446251,0.025064895629836
trained_model_checkpoint_600.pkl,600,Kids_II,ER,0.2295115199088981,0.0244868076820934
trained_model_checkpoint_610.pkl,610,Kids_II,ER,0.2439805607158385,0.016596919783007
trained_model_checkpoint_620.pkl,620,Kids_II,ER,0.2458402979250489,0.0157630232874029
trained_model_checkpoint_630.pkl,630,Kids_II,ER,0.2454207663019897,0.01594790295249
trained_model_checkpoint_640.pkl,640,Kids_II,ER,0.2450035970049694,0.0161335986987906
trained_model_checkpoint_650.pkl,650,Kids_II,ER,0.2592437970032907,0.0107552911151478
trained_model_checkpoint_660.pkl,660,Kids_II,ER,0.2427511496166318,0.0171688759207921
trained_model_checkpoint_670.pkl,670,Kids_II,ER,0.2439934221391194,0.016591024387593
trained_model_checkpoint_680.pkl,680,Kids_II,ER,0.2453439105082252,0.015981974382226
trained_model_checkpoint_690.pkl,690,Kids_II,ER,0.2438424722439434,0.0166603306504061
trained_model_checkpoint_700.pkl,700,Kids_II,ER,0.2573371793253356,0.0113695152516898
trained_model_checkpoint_710.pkl,710,Kids_II,ER,0.2591925742961016,0.0107714054095865
trained_model_checkpoint_720.pkl,720,Kids_II,ER,0.2434647349906594,0.0168348598133096
trained_model_checkpoint_730.pkl,730,Kids_II,ER,0.247814351947942,0.0149177808050331
trained_model_checkpoint_740.pkl,740,Kids_II,ER,0.263664039587818,0.009441748543129
trained_model_checkpoint_750.pkl,750,Kids_II,ER,0.2683881310439705,0.0081955933206436
trained_model_checkpoint_760.pkl,760,Kids_II,ER,0.2647680938664661,0.0091365054745256
trained_model_checkpoint_770.pkl,770,Kids_II,ER,0.2573378759196497,0.0113692853599721
trained_model_checkpoint_780.pkl,780,Kids_II,ER,0.2468402917843487,0.0153298080501751
trained_model_checkpoint_790.pkl,790,Kids_II,ER,0.2421769551445917,0.0174417839391515
trained_model_checkpoint_800.pkl,800,Kids_II,ER,0.2525207290283816,0.0130594389181982
trained_model_checkpoint_810.pkl,810,Kids_II,ER,0.2367701203359416,0.0202004311022797
trained_model_checkpoint_820.pkl,820,Kids_II,ER,0.2317375286274796,0.023096692551064
trained_model_checkpoint_830.pkl,830,Kids_II,ER,0.2413870929256201,0.0178233061764826
trained_model_checkpoint_840.pkl,840,Kids_II,ER,0.2545653391630145,0.0123170643418317
trained_model_checkpoint_850.pkl,850,Kids_II,ER,0.239297873059046,0.0188673123183605
trained_model_checkpoint_860.pkl,860,Kids_II,ER,0.2497059596022249,0.0141449878551086
trained_model_checkpoint_870.pkl,870,Kids_II,ER,0.2367013027575393,0.0202378277994022
trained_model_checkpoint_880.pkl,880,Kids_II,ER,0.2474994040523554,0.015049940815184
trained_model_checkpoint_890.pkl,890,Kids_II,ER,0.2432197745881684,0.0169488830630903
trained_model_checkpoint_900.pkl,900,Kids_II,ER,0.2328945080659231,0.0224011964694102
trained_model_checkpoint_910.pkl,910,Kids_II,ER,0.2368622310871503,0.0201504693365009
trained_model_checkpoint_920.pkl,920,Kids_II,ER,0.2355592419272664,0.020867176058944
trained_model_checkpoint_930.pkl,930,Kids_II,ER,0.2322612212112811,0.0227796320156732
trained_model_checkpoint_940.pkl,940,Kids_II,ER,0.2228358446057274,0.0290908322664486
trained_model_checkpoint_950.pkl,950,Kids_II,ER,0.2119808318260047,0.038135247542458
trained_model_checkpoint_960.pkl,960,Kids_II,ER,0.2152592136325391,0.0351842509396329
trained_model_checkpoint_970.pkl,970,Kids_II,ER,0.2219394812077811,0.0297615733088558
trained_model_checkpoint_980.pkl,980,Kids_II,ER,0.2230311758716778,0.0289463787245013
trained_model_checkpoint_990.pkl,990,Kids_II,ER,0.2264976523746822,0.0264821275102922
trained_model_checkpoint_1000.pkl,1000,Kids_II,ER,0.2321612578520396,0.0228398641188455
trained_model_checkpoint_1010.pkl,1010,Kids_II,ER,0.2357940873492473,0.0207364079485756
trained_model_checkpoint_1020.pkl,1020,Kids_II,ER,0.2370675327093236,0.0200394933761241
trained_model_checkpoint_1030.pkl,1030,Kids_II,ER,0.2267186083689493,0.0263312913784612
trained_model_checkpoint_1040.pkl,1040,Kids_II,ER,0.2521223488528307,0.0132085332909544
trained_model_checkpoint_1050.pkl,1050,Kids_II,ER,0.2379612349727976,0.0195624960945133
trained_model_checkpoint_1060.pkl,1060,Kids_II,ER,0.2380706429750408,0.019504777491115
trained_model_checkpoint_1070.pkl,1070,Kids_II,ER,0.2373082395804229,0.0199100478765074
trained_model_checkpoint_1080.pkl,1080,Kids_II,ER,0.2395938469963516,0.0187162844319352
trained_model_checkpoint_1090.pkl,1090,Kids_II,ER,0.2347622686289282,0.0213162370640468
trained_model_checkpoint_1100.pkl,1100,Kids_II,ER,0.2342224120907894,0.0216251063767097
trained_model_checkpoint_200.pkl,200,Adults,RT,0.6951014690572128,3.935114274782687e-15
trained_model_checkpoint_210.pkl,210,Adults,RT,0.7079665325000846,7.272407241564825e-16
trained_model_checkpoint_220.pkl,220,Adults,RT,0.6993121040545732,2.2868114680628963e-15
trained_model_checkpoint_230.pkl,230,Adults,RT,0.6933674826869918,4.907519137026196e-15
trained_model_checkpoint_240.pkl,240,Adults,RT,0.6987792086875756,2.450693033853952e-15
trained_model_checkpoint_250.pkl,250,Adults,RT,0.7080970507172683,7.145561796690893e-16
trained_model_checkpoint_260.pkl,260,Adults,RT,0.6930971076235145,5.078733097687159e-15
trained_model_checkpoint_270.pkl,270,Adults,RT,0.7112492097259083,4.657984091323164e-16
trained_model_checkpoint_280.pkl,280,Adults,RT,0.7109110417123304,4.878131569090593e-16
trained_model_checkpoint_290.pkl,290,Adults,RT,0.7023316802155043,1.5404817422332619e-15
trained_model_checkpoint_300.pkl,300,Adults,RT,0.6937105269571383,4.6983155342061616e-15
trained_model_checkpoint_310.pkl,310,Adults,RT,0.6928289844126351,5.2542246251379524e-15
trained_model_checkpoint_320.pkl,320,Adults,RT,0.6840033148686313,1.5752717315949697e-14
trained_model_checkpoint_330.pkl,330,Adults,RT,0.6933119333939045,4.942233055484531e-15
trained_model_checkpoint_340.pkl,340,Adults,RT,0.7090416085142649,6.289378377393168e-16
trained_model_checkpoint_350.pkl,350,Adults,RT,0.7176524249556404,1.9184650662656644e-16
trained_model_checkpoint_360.pkl,360,Adults,RT,0.6891177565693193,8.376900654430403e-15
trained_model_checkpoint_370.pkl,370,Adults,RT,0.6986618041404858,2.488298137760437e-15
trained_model_checkpoint_380.pkl,380,Adults,RT,0.7186718058983743,1.6620487119148006e-16
trained_model_checkpoint_390.pkl,390,Adults,RT,0.6930179383992613,5.12995167962624e-15
trained_model_checkpoint_400.pkl,400,Adults,RT,0.6954333610845711,3.77158240768167e-15
trained_model_checkpoint_410.pkl,410,Adults,RT,0.712737198020217,3.798471938815241e-16
trained_model_checkpoint_420.pkl,420,Adults,RT,0.7046726221839632,1.1302135868417889e-15
trained_model_checkpoint_430.pkl,430,Adults,RT,0.7189947047651382,1.58799549822655e-16
trained_model_checkpoint_440.pkl,440,Adults,RT,0.709174574379215,6.177138199485584e-16
trained_model_checkpoint_450.pkl,450,Adults,RT,0.714322543008159,3.052149222718202e-16
trained_model_checkpoint_460.pkl,460,Adults,RT,0.727942533663204,4.376478170158661e-17
trained_model_checkpoint_470.pkl,470,Adults,RT,0.7126948363819108,3.8206627819266114e-16
trained_model_checkpoint_480.pkl,480,Adults,RT,0.7096557903019938,5.7869259712777e-16
trained_model_checkpoint_490.pkl,490,Adults,RT,0.7113304994138167,4.606517544599866e-16
trained_model_checkpoint_500.pkl,500,Adults,RT,0.7065401006549461,8.808937591001131e-16
trained_model_checkpoint_510.pkl,510,Adults,RT,0.7090126400385366,6.314092324409988e-16
trained_model_checkpoint_520.pkl,520,Adults,RT,0.7167871034734206,2.1658740179019021e-16
trained_model_checkpoint_530.pkl,530,Adults,RT,0.7188974959405273,1.60994597706478e-16
trained_model_checkpoint_540.pkl,540,Adults,RT,0.7127178928640052,3.808569272727942e-16
trained_model_checkpoint_550.pkl,550,Adults,RT,0.7058314298133912,9.68493323098631e-16
trained_model_checkpoint_560.pkl,560,Adults,RT,0.7206114405205848,1.262767073318185e-16
trained_model_checkpoint_570.pkl,570,Adults,RT,0.7130963260648421,3.61529666562778e-16
trained_model_checkpoint_580.pkl,580,Adults,RT,0.7274506029987907,4.7040342560665606e-17
trained_model_checkpoint_590.pkl,590,Adults,RT,0.7221026196220899,1.02071960896095e-16
trained_model_checkpoint_600.pkl,600,Adults,RT,0.7273423822384818,4.779221374950792e-17
trained_model_checkpoint_610.pkl,610,Adults,RT,0.7225717743911098,9.543467892323967e-17
trained_model_checkpoint_620.pkl,620,Adults,RT,0.7043313886371183,1.1826253706637001e-15
trained_model_checkpoint_630.pkl,630,Adults,RT,0.7161380514793612,2.3714731216604797e-16
trained_model_checkpoint_640.pkl,640,Adults,RT,0.7060558868830706,9.398727853070836e-16
trained_model_checkpoint_650.pkl,650,Adults,RT,0.6932065049033563,5.008772382407271e-15
trained_model_checkpoint_660.pkl,660,Adults,RT,0.6989120869549987,2.408795464199795e-15
trained_model_checkpoint_670.pkl,670,Adults,RT,0.6940535404955941,4.497774822474589e-15
trained_model_checkpoint_680.pkl,680,Adults,RT,0.6864237342970781,1.1701825800662324e-14
trained_model_checkpoint_690.pkl,690,Adults,RT,0.6833675766221248,1.7023911654950097e-14
trained_model_checkpoint_700.pkl,700,Adults,RT,0.6684515099402311,9.95788567265512e-14
trained_model_checkpoint_710.pkl,710,Adults,RT,0.6682284581455809,1.0216551168314477e-13
trained_model_checkpoint_720.pkl,720,Adults,RT,0.6564184792399729,3.851654525438409e-13
trained_model_checkpoint_730.pkl,730,Adults,RT,0.6589036337045948,2.927552115039121e-13
trained_model_checkpoint_740.pkl,740,Adults,RT,0.6502970146599548,7.48901711865454e-13
trained_model_checkpoint_750.pkl,750,Adults,RT,0.6399883657735026,2.218934603098387e-12
trained_model_checkpoint_760.pkl,760,Adults,RT,0.627818428882241,7.597055419543326e-12
trained_model_checkpoint_770.pkl,770,Adults,RT,0.6239660347513508,1.1092163862402724e-11
trained_model_checkpoint_780.pkl,780,Adults,RT,0.6223680345205125,1.2957996102203754e-11
trained_model_checkpoint_790.pkl,790,Adults,RT,0.6159324688670204,2.4022611165177638e-11
trained_model_checkpoint_800.pkl,800,Adults,RT,0.6214501537363822,1.4162779143371619e-11
trained_model_checkpoint_810.pkl,810,Adults,RT,0.6043247071988564,7.06439198209609e-11
trained_model_checkpoint_820.pkl,820,Adults,RT,0.5895202570762741,2.6291630748473257e-10
trained_model_checkpoint_830.pkl,830,Adults,RT,0.5969916797590803,1.3658777876204147e-10
trained_model_checkpoint_840.pkl,840,Adults,RT,0.6041747393929886,7.161496003013629e-11
trained_model_checkpoint_850.pkl,850,Adults,RT,0.5936761017146713,1.8302936583515864e-10
trained_model_checkpoint_860.pkl,860,Adults,RT,0.5947612837461222,1.6637092457024736e-10
trained_model_checkpoint_870.pkl,870,Adults,RT,0.579604755590417,6.112938471943185e-10
trained_model_checkpoint_880.pkl,880,Adults,RT,0.58727585033775,3.1903920232608753e-10
trained_model_checkpoint_890.pkl,890,Adults,RT,0.5699513611236589,1.3533505536369912e-09
trained_model_checkpoint_900.pkl,900,Adults,RT,0.5640795762588242,2.167559073186125e-09
trained_model_checkpoint_910.pkl,910,Adults,RT,0.5655835327257113,1.9228999250835622e-09
trained_model_checkpoint_920.pkl,920,Adults,RT,0.5626960283403606,2.4187550727147743e-09
trained_model_checkpoint_930.pkl,930,Adults,RT,0.55619225378485,4.022966430204363e-09
trained_model_checkpoint_940.pkl,940,Adults,RT,0.5576088687325573,3.604320060072008e-09
trained_model_checkpoint_950.pkl,950,Adults,RT,0.5499804929763321,6.474388273945417e-09
trained_model_checkpoint_960.pkl,960,Adults,RT,0.5559736688517278,4.091572662869348e-09
trained_model_checkpoint_970.pkl,970,Adults,RT,0.5491823335902225,6.877762878419181e-09
trained_model_checkpoint_980.pkl,980,Adults,RT,0.5467299885736012,8.273078166757025e-09
trained_model_checkpoint_990.pkl,990,Adults,RT,0.5535241501343217,4.9411326992611196e-09
trained_model_checkpoint_1000.pkl,1000,Adults,RT,0.5444990400486337,9.774338606394368e-09
trained_model_checkpoint_1010.pkl,1010,Adults,RT,0.543271797526047,1.0707819447965973e-08
trained_model_checkpoint_1020.pkl,1020,Adults,RT,0.5474228298012771,7.853595664211257e-09
trained_model_checkpoint_1030.pkl,1030,Adults,RT,0.5423416047220576,1.1471514233994561e-08
trained_model_checkpoint_1040.pkl,1040,Adults,RT,0.5520946922035855,5.5123566293346406e-09
trained_model_checkpoint_1050.pkl,1050,Adults,RT,0.5390702494032423,1.459237603201638e-08
trained_model_checkpoint_1060.pkl,1060,Adults,RT,0.5381387062634588,1.5620017567700012e-08
trained_model_checkpoint_1070.pkl,1070,Adults,RT,0.5442672529709819,9.944462475351051e-09
trained_model_checkpoint_1080.pkl,1080,Adults,RT,0.5415796583617465,1.2135598962251366e-08
trained_model_checkpoint_1090.pkl,1090,Adults,RT,0.5470110232136687,8.10040486793161e-09
trained_model_checkpoint_1100.pkl,1100,Adults,RT,0.5237588049758592,4.352791268098587e-08
trained_model_checkpoint_200.pkl,200,Kids_II,RT,0.7786044205632455,9.92392416692691e-21
trained_model_checkpoint_210.pkl,210,Kids_II,RT,0.7865086394107894,2.1922282755172007e-21
trained_model_checkpoint_220.pkl,220,Kids_II,RT,0.7814595307941334,5.793539349716212e-21
trained_model_checkpoint_230.pkl,230,Kids_II,RT,0.7848696675294424,3.013911291744503e-21
trained_model_checkpoint_240.pkl,240,Kids_II,RT,0.7849707862218027,2.955535566402412e-21
trained_model_checkpoint_250.pkl,250,Kids_II,RT,0.7890753374998519,1.3241387509055273e-21
trained_model_checkpoint_260.pkl,260,Kids_II,RT,0.7862142876290419,2.321684044971656e-21
trained_model_checkpoint_270.pkl,270,Kids_II,RT,0.7959882948255084,3.2869213781382644e-22
trained_model_checkpoint_280.pkl,280,Kids_II,RT,0.8023120937288875,8.759568065575459e-23
trained_model_checkpoint_290.pkl,290,Kids_II,RT,0.7941523147231064,4.783606429965442e-22
trained_model_checkpoint_300.pkl,300,Kids_II,RT,0.7983329768365142,2.024108649422071e-22
trained_model_checkpoint_310.pkl,310,Kids_II,RT,0.788822647301342,1.391950773435915e-21
trained_model_checkpoint_320.pkl,320,Kids_II,RT,0.7876058098215202,1.7687296277080957e-21
trained_model_checkpoint_330.pkl,330,Kids_II,RT,0.7924079875712913,6.808691611667218e-22
trained_model_checkpoint_340.pkl,340,Kids_II,RT,0.811142804541546,1.2730783171202165e-23
trained_model_checkpoint_350.pkl,350,Kids_II,RT,0.8112517376708257,1.2423651978977353e-23
trained_model_checkpoint_360.pkl,360,Kids_II,RT,0.7887615814144794,1.408838457227889e-21
trained_model_checkpoint_370.pkl,370,Kids_II,RT,0.7936895364968906,5.254995687762102e-22
trained_model_checkpoint_380.pkl,380,Kids_II,RT,0.8044976264858417,5.484741481898448e-23
trained_model_checkpoint_390.pkl,390,Kids_II,RT,0.7905072100466422,9.964656032764666e-22
trained_model_checkpoint_400.pkl,400,Kids_II,RT,0.791157364309311,8.751474826460342e-22
trained_model_checkpoint_410.pkl,410,Kids_II,RT,0.794151327731094,4.784566601210216e-22
trained_model_checkpoint_420.pkl,420,Kids_II,RT,0.7961071954518452,3.207584166437217e-22
trained_model_checkpoint_430.pkl,430,Kids_II,RT,0.8101381933419417,1.5934663109709707e-23
trained_model_checkpoint_440.pkl,440,Kids_II,RT,0.790027213834144,1.0963761443787316e-21
trained_model_checkpoint_450.pkl,450,Kids_II,RT,0.7981242264796999,2.1139372888618672e-22
trained_model_checkpoint_460.pkl,460,Kids_II,RT,0.8153814833838178,4.864483195460279e-24
trained_model_checkpoint_470.pkl,470,Kids_II,RT,0.7888187665708661,1.393018099569667e-21
trained_model_checkpoint_480.pkl,480,Kids_II,RT,0.7948340908549499,4.163251485173727e-22
trained_model_checkpoint_490.pkl,490,Kids_II,RT,0.790404682574514,1.0170334719824559e-21
trained_model_checkpoint_500.pkl,500,Kids_II,RT,0.784486361539662,3.2455468314358386e-21
trained_model_checkpoint_510.pkl,510,Kids_II,RT,0.7830979871189231,4.238571131092298e-21
trained_model_checkpoint_520.pkl,520,Kids_II,RT,0.7948496007206487,4.1500917918202533e-22
trained_model_checkpoint_530.pkl,530,Kids_II,RT,0.8019043711991886,9.552862518649144e-23
trained_model_checkpoint_540.pkl,540,Kids_II,RT,0.784806887544561,3.050716668855668e-21
trained_model_checkpoint_550.pkl,550,Kids_II,RT,0.7862510812748853,2.305104520388029e-21
trained_model_checkpoint_560.pkl,560,Kids_II,RT,0.7932367906881959,5.759752922576212e-22
trained_model_checkpoint_570.pkl,570,Kids_II,RT,0.7885940237635861,1.456206370755162e-21
trained_model_checkpoint_580.pkl,580,Kids_II,RT,0.7960868879698568,3.2210012540090334e-22
trained_model_checkpoint_590.pkl,590,Kids_II,RT,0.7925609781211387,6.602008708987045e-22
trained_model_checkpoint_600.pkl,600,Kids_II,RT,0.7966283023106624,2.88130399305318e-22
trained_model_checkpoint_610.pkl,610,Kids_II,RT,0.7874235135700107,1.833111368074166e-21
trained_model_checkpoint_620.pkl,620,Kids_II,RT,0.7751563407722597,1.8809912175897464e-20
trained_model_checkpoint_630.pkl,630,Kids_II,RT,0.7806998525855142,6.690793820612745e-21
trained_model_checkpoint_640.pkl,640,Kids_II,RT,0.7645223449414494,1.261199442715976e-19
trained_model_checkpoint_650.pkl,650,Kids_II,RT,0.756584039885932,4.8965680988925605e-19
trained_model_checkpoint_660.pkl,660,Kids_II,RT,0.7513279619300952,1.1687073965149677e-18
trained_model_checkpoint_670.pkl,670,Kids_II,RT,0.7470687170700386,2.3282908699226457e-18
trained_model_checkpoint_680.pkl,680,Kids_II,RT,0.7388170597050119,8.517960904016782e-18
trained_model_checkpoint_690.pkl,690,Kids_II,RT,0.7333228975971173,1.966904764603693e-17
trained_model_checkpoint_700.pkl,700,Kids_II,RT,0.7195417960548514,1.469766121411448e-16
trained_model_checkpoint_710.pkl,710,Kids_II,RT,0.7195841202397204,1.4609840439990711e-16
trained_model_checkpoint_720.pkl,720,Kids_II,RT,0.7133904691195845,3.4716719198273763e-16
trained_model_checkpoint_730.pkl,730,Kids_II,RT,0.7152140836870893,2.697098957539599e-16
trained_model_checkpoint_740.pkl,740,Kids_II,RT,0.7008719506002111,1.8658035275552027e-15
trained_model_checkpoint_750.pkl,750,Kids_II,RT,0.6924242163533485,5.530320890288191e-15
trained_model_checkpoint_760.pkl,760,Kids_II,RT,0.6831252391637779,1.7534145256827107e-14
trained_model_checkpoint_770.pkl,770,Kids_II,RT,0.6774299727028188,3.4816826350360265e-14
trained_model_checkpoint_780.pkl,780,Kids_II,RT,0.6743048391620735,5.0402254750057415e-14
trained_model_checkpoint_790.pkl,790,Kids_II,RT,0.6683512438977361,1.0073367829732644e-13
trained_model_checkpoint_800.pkl,800,Kids_II,RT,0.670557715040186,7.807811094370057e-14
trained_model_checkpoint_810.pkl,810,Kids_II,RT,0.6578065401061566,3.305513074575809e-13
trained_model_checkpoint_820.pkl,820,Kids_II,RT,0.6462693091057529,1.1504555114487168e-12
trained_model_checkpoint_830.pkl,830,Kids_II,RT,0.6437833197075968,1.4947532713795518e-12
trained_model_checkpoint_840.pkl,840,Kids_II,RT,0.6371560297861899,2.9693054633162005e-12
trained_model_checkpoint_850.pkl,850,Kids_II,RT,0.6290632153089027,6.715014407971938e-12
trained_model_checkpoint_860.pkl,860,Kids_II,RT,0.6240142478004291,1.1040102627337404e-11
trained_model_checkpoint_870.pkl,870,Kids_II,RT,0.6130675984331713,3.147851858460906e-11
trained_model_checkpoint_880.pkl,880,Kids_II,RT,0.6083248209317782,4.8953533346641545e-11
trained_model_checkpoint_890.pkl,890,Kids_II,RT,0.6001560270137872,1.0297718420807318e-10
trained_model_checkpoint_900.pkl,900,Kids_II,RT,0.5942466000123567,1.7408146910663066e-10
trained_model_checkpoint_910.pkl,910,Kids_II,RT,0.5969449026077489,1.3715612950256971e-10
trained_model_checkpoint_920.pkl,920,Kids_II,RT,0.5907534193165342,2.3625215399525997e-10
trained_model_checkpoint_930.pkl,930,Kids_II,RT,0.5817634078210556,5.099420554822605e-10
trained_model_checkpoint_940.pkl,940,Kids_II,RT,0.5799127625173541,5.957329583242047e-10
trained_model_checkpoint_950.pkl,950,Kids_II,RT,0.5723814950321489,1.1106309996536403e-09
trained_model_checkpoint_960.pkl,960,Kids_II,RT,0.5801440394452957,5.842992061886882e-10
trained_model_checkpoint_970.pkl,970,Kids_II,RT,0.5833082268864039,4.4753324833874676e-10
trained_model_checkpoint_980.pkl,980,Kids_II,RT,0.5770537651042605,7.560532805778514e-10
trained_model_checkpoint_990.pkl,990,Kids_II,RT,0.5811850125571737,5.353922510254757e-10
trained_model_checkpoint_1000.pkl,1000,Kids_II,RT,0.5771888034116684,7.4762904961951e-10
trained_model_checkpoint_1010.pkl,1010,Kids_II,RT,0.576219948128855,8.101228501279262e-10
trained_model_checkpoint_1020.pkl,1020,Kids_II,RT,0.575756334393287,8.41771288138047e-10
trained_model_checkpoint_1030.pkl,1030,Kids_II,RT,0.5768819700777957,7.669022384931902e-10
trained_model_checkpoint_1040.pkl,1040,Kids_II,RT,0.5793398493342498,6.24988578896959e-10
trained_model_checkpoint_1050.pkl,1050,Kids_II,RT,0.5722454937879082,1.1230323656457678e-09
trained_model_checkpoint_1060.pkl,1060,Kids_II,RT,0.5741086315947741,9.641299069143835e-10
trained_model_checkpoint_1070.pkl,1070,Kids_II,RT,0.5744128182688395,9.403266465640263e-10
trained_model_checkpoint_1080.pkl,1080,Kids_II,RT,0.576677548949402,7.800062047328051e-10
trained_model_checkpoint_1090.pkl,1090,Kids_II,RT,0.5806169192698658,5.615732325944015e-10
trained_model_checkpoint_1100.pkl,1100,Kids_II,RT,0.5674380075421765,1.6575260968353955e-09
trained_model_checkpoint_200.pkl,200,Adults,zRT,0.7018134265246926,1.6491349250960804e-15
trained_model_checkpoint_210.pkl,210,Adults,zRT,0.7128677421549079,3.7308700604062957e-16
trained_model_checkpoint_220.pkl,220,Adults,zRT,0.7115616101840523,4.463187836344515e-16
trained_model_checkpoint_230.pkl,230,Adults,zRT,0.7059271788832471,9.561825612998412e-16
trained_model_checkpoint_240.pkl,240,Adults,zRT,0.7095627032437126,5.860496589118429e-16
trained_model_checkpoint_250.pkl,250,Adults,zRT,0.7194186159781404,1.4956176531814983e-16
trained_model_checkpoint_260.pkl,260,Adults,zRT,0.7061419846835741,9.291133306469397e-16
trained_model_checkpoint_270.pkl,270,Adults,zRT,0.7238123928063991,7.983653780747093e-17
trained_model_checkpoint_280.pkl,280,Adults,zRT,0.7247325459019093,6.98949068969261e-17
trained_model_checkpoint_290.pkl,290,Adults,zRT,0.7165854869428199,2.2278153108606708e-16
trained_model_checkpoint_300.pkl,300,Adults,zRT,0.7123783865752983,3.990454127122246e-16
trained_model_checkpoint_310.pkl,310,Adults,zRT,0.7083537561140654,6.90230457654192e-16
trained_model_checkpoint_320.pkl,320,Adults,zRT,0.7000347309442634,2.0814428110212014e-15
trained_model_checkpoint_330.pkl,330,Adults,zRT,0.7071670174664386,8.098385474573907e-16
trained_model_checkpoint_340.pkl,340,Adults,zRT,0.7231418197977895,8.79318362447042e-17
trained_model_checkpoint_350.pkl,350,Adults,zRT,0.7337863574613186,1.83430452137068e-17
trained_model_checkpoint_360.pkl,360,Adults,zRT,0.7053524948953578,1.0324128452359266e-15
trained_model_checkpoint_370.pkl,370,Adults,zRT,0.7163819121354851,2.2920990741266393e-16
trained_model_checkpoint_380.pkl,380,Adults,zRT,0.7338597333561373,1.8141225000321056e-17
trained_model_checkpoint_390.pkl,390,Adults,zRT,0.7113097059881682,4.619629687613411e-16
trained_model_checkpoint_400.pkl,400,Adults,zRT,0.7160277538342852,2.408242848404325e-16
trained_model_checkpoint_410.pkl,410,Adults,zRT,0.7301065814013198,3.179939071222617e-17
trained_model_checkpoint_420.pkl,420,Adults,zRT,0.7241494071342351,7.604575186121622e-17
trained_model_checkpoint_430.pkl,430,Adults,zRT,0.7377830410124337,9.986890141121457e-18
trained_model_checkpoint_440.pkl,440,Adults,zRT,0.7268602770516713,5.1285689920271e-17
trained_model_checkpoint_450.pkl,450,Adults,zRT,0.7331066375295918,2.0319168996844738e-17
trained_model_checkpoint_460.pkl,460,Adults,zRT,0.7488526027550062,1.7474238164205725e-18
trained_model_checkpoint_470.pkl,470,Adults,zRT,0.7309566252430975,2.8026514587105304e-17
trained_model_checkpoint_480.pkl,480,Adults,zRT,0.7304559164355898,3.0192759669717627e-17
trained_model_checkpoint_490.pkl,490,Adults,zRT,0.7322003386895362,2.327781003707615e-17
trained_model_checkpoint_500.pkl,500,Adults,zRT,0.7261571558062809,5.682833370804755e-17
trained_model_checkpoint_510.pkl,510,Adults,zRT,0.7286609086297213,3.937562585966722e-17
trained_model_checkpoint_520.pkl,520,Adults,zRT,0.737897456071972,9.812979088191556e-18
trained_model_checkpoint_530.pkl,530,Adults,zRT,0.7431809033887425,4.31630111002994e-18
trained_model_checkpoint_540.pkl,540,Adults,zRT,0.7327220746274969,2.152710252718957e-17
trained_model_checkpoint_550.pkl,550,Adults,zRT,0.7279379414828719,4.3794310610744623e-17
trained_model_checkpoint_560.pkl,560,Adults,zRT,0.7437014000470805,3.976507364031468e-18
trained_model_checkpoint_570.pkl,570,Adults,zRT,0.7359317926370471,1.3253361082332221e-17
trained_model_checkpoint_580.pkl,580,Adults,zRT,0.7496350770657979,1.5395620090010881e-18
trained_model_checkpoint_590.pkl,590,Adults,zRT,0.746351545480071,2.6112787813672906e-18
trained_model_checkpoint_600.pkl,600,Adults,zRT,0.7522240901341359,1.0091556561071724e-18
trained_model_checkpoint_610.pkl,610,Adults,zRT,0.7478931748679549,2.0396812851473748e-18
trained_model_checkpoint_620.pkl,620,Adults,zRT,0.7334587215573447,1.927109983600301e-17
trained_model_checkpoint_630.pkl,630,Adults,zRT,0.7437128119854423,3.969356259033749e-18
trained_model_checkpoint_640.pkl,640,Adults,zRT,0.7339042347407516,1.801987534604201e-17
trained_model_checkpoint_650.pkl,650,Adults,zRT,0.7252481069703423,6.486089366840523e-17
trained_model_checkpoint_660.pkl,660,Adults,zRT,0.7278456530081447,4.439186246853226e-17
trained_model_checkpoint_670.pkl,670,Adults,zRT,0.722311353534947,9.906544621092896e-17
trained_model_checkpoint_680.pkl,680,Adults,zRT,0.7164306660647659,2.276542025076048e-16
trained_model_checkpoint_690.pkl,690,Adults,zRT,0.7136606093857857,3.344649670972617e-16
trained_model_checkpoint_700.pkl,700,Adults,zRT,0.6991009933345846,2.3504237404039518e-15
trained_model_checkpoint_710.pkl,710,Adults,zRT,0.6978726415204077,2.7559674124699028e-15
trained_model_checkpoint_720.pkl,720,Adults,zRT,0.687555622359826,1.0173052301777048e-14
trained_model_checkpoint_730.pkl,730,Adults,zRT,0.6899298590852065,7.568570183234975e-15
trained_model_checkpoint_740.pkl,740,Adults,zRT,0.6833309905772773,1.7100011115256187e-14
trained_model_checkpoint_750.pkl,750,Adults,zRT,0.6741298473769004,5.1450358360405496e-14
trained_model_checkpoint_760.pkl,760,Adults,zRT,0.6609338115632475,2.3352904720081593e-13
trained_model_checkpoint_770.pkl,770,Adults,zRT,0.6557550966361418,4.1425045367183554e-13
trained_model_checkpoint_780.pkl,780,Adults,zRT,0.6541464702870512,4.938569312237373e-13
trained_model_checkpoint_790.pkl,790,Adults,zRT,0.6492546771387218,8.374189216763167e-13
trained_model_checkpoint_800.pkl,800,Adults,zRT,0.6539846537435474,5.026373812162276e-13
trained_model_checkpoint_810.pkl,810,Adults,zRT,0.638047379907901,2.710080905008702e-12
trained_model_checkpoint_820.pkl,820,Adults,zRT,0.6226668249302412,1.258757320721752e-11
trained_model_checkpoint_830.pkl,830,Adults,zRT,0.628521055636371,7.0863215444512774e-12
trained_model_checkpoint_840.pkl,840,Adults,zRT,0.6364608483510041,3.1879178003208548e-12
trained_model_checkpoint_850.pkl,850,Adults,zRT,0.6242095114853266,1.0831650987025366e-11
trained_model_checkpoint_860.pkl,860,Adults,zRT,0.62652926517712,8.627853339564178e-12
trained_model_checkpoint_870.pkl,870,Adults,zRT,0.6136092923026899,2.9916297498157426e-11
trained_model_checkpoint_880.pkl,880,Adults,zRT,0.619340391417316,1.7354811601164637e-11
trained_model_checkpoint_890.pkl,890,Adults,zRT,0.602210554101978,8.558026321051776e-11
trained_model_checkpoint_900.pkl,900,Adults,zRT,0.596371777253731,1.443069100407642e-10
trained_model_checkpoint_910.pkl,910,Adults,zRT,0.5986614417111628,1.177193049693233e-10
trained_model_checkpoint_920.pkl,920,Adults,zRT,0.5929580244433522,1.9492147484664352e-10
trained_model_checkpoint_930.pkl,930,Adults,zRT,0.5866914621552659,3.354419420288051e-10
trained_model_checkpoint_940.pkl,940,Adults,zRT,0.5882897006196404,2.92392924159391e-10
trained_model_checkpoint_950.pkl,950,Adults,zRT,0.5797888529648048,6.019467618066593e-10
trained_model_checkpoint_960.pkl,960,Adults,zRT,0.5878385637040084,3.0397464623450187e-10
trained_model_checkpoint_970.pkl,970,Adults,zRT,0.5807230351625368,5.565912737900084e-10
trained_model_checkpoint_980.pkl,980,Adults,zRT,0.5794530822991963,6.190991804834705e-10
trained_model_checkpoint_990.pkl,990,Adults,zRT,0.5858463413215609,3.606024997953058e-10
trained_model_checkpoint_1000.pkl,1000,Adults,zRT,0.5771905699150199,7.475194471164207e-10
trained_model_checkpoint_1010.pkl,1010,Adults,zRT,0.5761264178850269,8.164143017313034e-10
trained_model_checkpoint_1020.pkl,1020,Adults,zRT,0.5800184509056068,5.90481597610629e-10
trained_model_checkpoint_1030.pkl,1030,Adults,zRT,0.572601294016713,1.090865665458782e-09
trained_model_checkpoint_1040.pkl,1040,Adults,zRT,0.5826977128838843,4.712668163364855e-10
trained_model_checkpoint_1050.pkl,1050,Adults,zRT,0.5674677674473494,1.6535681986028563e-09
trained_model_checkpoint_1060.pkl,1060,Adults,zRT,0.5674747268528713,1.652643944982199e-09
trained_model_checkpoint_1070.pkl,1070,Adults,zRT,0.5738854683674276,9.819593138551772e-10
trained_model_checkpoint_1080.pkl,1080,Adults,zRT,0.5714430427761518,1.1989520430445022e-09
trained_model_checkpoint_1090.pkl,1090,Adults,zRT,0.5764903942991004,7.92191494898022e-10
trained_model_checkpoint_1100.pkl,1100,Adults,zRT,0.5532606177333124,5.04199411975027e-09
trained_model_checkpoint_200.pkl,200,Kids_II,zRT,0.7864305423623167,2.225874320464189e-21
trained_model_checkpoint_210.pkl,210,Kids_II,zRT,0.7942632363003614,4.676885032984284e-22
trained_model_checkpoint_220.pkl,220,Kids_II,zRT,0.7920919778030933,7.255725896454953e-22
trained_model_checkpoint_230.pkl,230,Kids_II,zRT,0.7940650386675425,4.86923954236081e-22
trained_model_checkpoint_240.pkl,240,Kids_II,zRT,0.7920308849025697,7.345383600861522e-22
trained_model_checkpoint_250.pkl,250,Kids_II,zRT,0.7976936773722401,2.3116270687349857e-22
trained_model_checkpoint_260.pkl,260,Kids_II,zRT,0.7912304011550353,8.624522100500447e-22
trained_model_checkpoint_270.pkl,270,Kids_II,zRT,0.8015925805494248,1.0206259461946072e-22
trained_model_checkpoint_280.pkl,280,Kids_II,zRT,0.8076416908398409,2.767692033044756e-23
trained_model_checkpoint_290.pkl,290,Kids_II,zRT,0.7985953147163881,1.9164748893299445e-22
trained_model_checkpoint_300.pkl,300,Kids_II,zRT,0.8017819079473296,9.804494775275736e-23
trained_model_checkpoint_310.pkl,310,Kids_II,zRT,0.792023148957656,7.3568131786382915e-22
trained_model_checkpoint_320.pkl,320,Kids_II,zRT,0.7881072606906296,1.6027687569148845e-21
trained_model_checkpoint_330.pkl,330,Kids_II,zRT,0.7927612537045943,6.340650545291875e-22
trained_model_checkpoint_340.pkl,340,Kids_II,zRT,0.8119008893493997,1.0737534087729321e-23
trained_model_checkpoint_350.pkl,350,Kids_II,zRT,0.8106766698718458,1.4130616943774278e-23
trained_model_checkpoint_360.pkl,360,Kids_II,zRT,0.7839138613160817,3.624064978845474e-21
trained_model_checkpoint_370.pkl,370,Kids_II,zRT,0.7902107790287313,1.0570670511293885e-21
trained_model_checkpoint_380.pkl,380,Kids_II,zRT,0.8048112710782014,5.125859339354186e-23
trained_model_checkpoint_390.pkl,390,Kids_II,zRT,0.7835789170882383,3.8650711743592846e-21
trained_model_checkpoint_400.pkl,400,Kids_II,zRT,0.7872701640893393,1.889030131484073e-21
trained_model_checkpoint_410.pkl,410,Kids_II,zRT,0.7899857909761314,1.1054412135521084e-21
trained_model_checkpoint_420.pkl,420,Kids_II,zRT,0.7907352774940974,9.521538719302213e-22
trained_model_checkpoint_430.pkl,430,Kids_II,zRT,0.8056695809812542,4.256646217609184e-23
trained_model_checkpoint_440.pkl,440,Kids_II,zRT,0.7853943435322517,2.722741142263943e-21
trained_model_checkpoint_450.pkl,450,Kids_II,zRT,0.7912019972793283,8.673679427840697e-22
trained_model_checkpoint_460.pkl,460,Kids_II,zRT,0.8097000444899747,1.7566282704395562e-23
trained_model_checkpoint_470.pkl,470,Kids_II,zRT,0.7847471320829664,3.086154692891041e-21
trained_model_checkpoint_480.pkl,480,Kids_II,zRT,0.788591752808772,1.4568588815789133e-21
trained_model_checkpoint_490.pkl,490,Kids_II,zRT,0.7848594655801295,3.019862758786945e-21
trained_model_checkpoint_500.pkl,500,Kids_II,zRT,0.778817437522128,9.53595682892598e-21
trained_model_checkpoint_510.pkl,510,Kids_II,zRT,0.778494600914087,1.0129890291760912e-20
trained_model_checkpoint_520.pkl,520,Kids_II,zRT,0.7873562661209393,1.857432025769188e-21
trained_model_checkpoint_530.pkl,530,Kids_II,zRT,0.7936795516269857,5.265648680347254e-22
trained_model_checkpoint_540.pkl,540,Kids_II,zRT,0.7781217442040362,1.0860659240273872e-20
trained_model_checkpoint_550.pkl,550,Kids_II,zRT,0.7792485208986673,8.795421247719323e-21
trained_model_checkpoint_560.pkl,560,Kids_II,zRT,0.7849331020208692,2.977160929856249e-21
trained_model_checkpoint_570.pkl,570,Kids_II,zRT,0.7798126135734573,7.910381478327251e-21
trained_model_checkpoint_580.pkl,580,Kids_II,zRT,0.7873373198360413,1.864340598286535e-21
trained_model_checkpoint_590.pkl,590,Kids_II,zRT,0.7843276654649969,3.346435883637997e-21
trained_model_checkpoint_600.pkl,600,Kids_II,zRT,0.7887514115238878,1.4116702160834922e-21
trained_model_checkpoint_610.pkl,610,Kids_II,zRT,0.7785216930802383,1.0078696247761111e-20
trained_model_checkpoint_620.pkl,620,Kids_II,zRT,0.765059655210754,1.14835200441968e-19
trained_model_checkpoint_630.pkl,630,Kids_II,zRT,0.7723316084966904,3.1495676881604823e-20
trained_model_checkpoint_640.pkl,640,Kids_II,zRT,0.755807004291573,5.576301594056375e-19
trained_model_checkpoint_650.pkl,650,Kids_II,zRT,0.7456715892492938,2.910252299409099e-18
trained_model_checkpoint_660.pkl,660,Kids_II,zRT,0.7442276876225602,3.659387589323384e-18
trained_model_checkpoint_670.pkl,670,Kids_II,zRT,0.7397074733121374,7.422931749869068e-18
trained_model_checkpoint_680.pkl,680,Kids_II,zRT,0.7297144560667398,3.3701650455823216e-17
trained_model_checkpoint_690.pkl,690,Kids_II,zRT,0.725373907141082,6.368698689416103e-17
trained_model_checkpoint_700.pkl,700,Kids_II,zRT,0.7114705006739885,4.519168236611053e-16
trained_model_checkpoint_710.pkl,710,Kids_II,zRT,0.7114449835331085,4.534968308819176e-16
trained_model_checkpoint_720.pkl,720,Kids_II,zRT,0.7052305384755764,1.0493311307668837e-15
trained_model_checkpoint_730.pkl,730,Kids_II,zRT,0.7076140138005015,7.626006669529911e-16
trained_model_checkpoint_740.pkl,740,Kids_II,zRT,0.6925567309815621,5.4384202519813296e-15
trained_model_checkpoint_750.pkl,750,Kids_II,zRT,0.6842790655439553,1.5230353829465957e-14
trained_model_checkpoint_760.pkl,760,Kids_II,zRT,0.6736505637840859,5.4430044941656327e-14
trained_model_checkpoint_770.pkl,770,Kids_II,zRT,0.668795173634551,9.571697780990821e-14
trained_model_checkpoint_780.pkl,780,Kids_II,zRT,0.6665675747968145,1.2357604659343896e-13
trained_model_checkpoint_790.pkl,790,Kids_II,zRT,0.6611463908143373,2.280439133899389e-13
trained_model_checkpoint_800.pkl,800,Kids_II,zRT,0.6633006136623305,1.7903674855905277e-13
trained_model_checkpoint_810.pkl,810,Kids_II,zRT,0.6509932976731337,6.948799896200434e-13
trained_model_checkpoint_820.pkl,820,Kids_II,zRT,0.6384975551213098,2.587596911916173e-12
trained_model_checkpoint_830.pkl,830,Kids_II,zRT,0.6376404097598145,2.8256075977589455e-12
trained_model_checkpoint_840.pkl,840,Kids_II,zRT,0.6308005133451604,5.647286489367e-12
trained_model_checkpoint_850.pkl,850,Kids_II,zRT,0.6218530239219558,1.3621259667381991e-11
trained_model_checkpoint_860.pkl,860,Kids_II,zRT,0.6158445949571778,2.4223598630458342e-11
trained_model_checkpoint_870.pkl,870,Kids_II,zRT,0.6057852450551948,6.182594158645695e-11
trained_model_checkpoint_880.pkl,880,Kids_II,zRT,0.5996153713316401,1.0809243404526951e-10
trained_model_checkpoint_890.pkl,890,Kids_II,zRT,0.5902504993298571,2.4679689831090475e-10
trained_model_checkpoint_900.pkl,900,Kids_II,zRT,0.5834626738464908,4.4171354451063255e-10
trained_model_checkpoint_910.pkl,910,Kids_II,zRT,0.5861671875897007,3.508440938108554e-10
trained_model_checkpoint_920.pkl,920,Kids_II,zRT,0.5795327761398009,6.149861689661604e-10
trained_model_checkpoint_930.pkl,930,Kids_II,zRT,0.571133981797532,1.229485206107654e-09
trained_model_checkpoint_940.pkl,940,Kids_II,zRT,0.5709384563857534,1.249185377886938e-09
trained_model_checkpoint_950.pkl,950,Kids_II,zRT,0.5618755052458676,2.5806596066123544e-09
trained_model_checkpoint_960.pkl,960,Kids_II,zRT,0.5710042254158229,1.2425252753724356e-09
trained_model_checkpoint_970.pkl,970,Kids_II,zRT,0.5725989006337967,1.0910790613963095e-09
trained_model_checkpoint_980.pkl,980,Kids_II,zRT,0.5658996013465961,1.874961450492397e-09
trained_model_checkpoint_990.pkl,990,Kids_II,zRT,0.5719099551267365,1.1541992394399656e-09
trained_model_checkpoint_1000.pkl,1000,Kids_II,zRT,0.5666613805984567,1.7640828022536991e-09
trained_model_checkpoint_1010.pkl,1010,Kids_II,zRT,0.5661246131272725,1.841533872406276e-09
trained_model_checkpoint_1020.pkl,1020,Kids_II,zRT,0.5642266673411627,2.1423739005108824e-09
trained_model_checkpoint_1030.pkl,1030,Kids_II,zRT,0.5648456996354076,2.039422009897807e-09
trained_model_checkpoint_1040.pkl,1040,Kids_II,zRT,0.566979247244799,1.719699569799371e-09
trained_model_checkpoint_1050.pkl,1050,Kids_II,zRT,0.5592921998276212,3.1609963247260103e-09
trained_model_checkpoint_1060.pkl,1060,Kids_II,zRT,0.5606479702901008,2.8423978576422242e-09
trained_model_checkpoint_1070.pkl,1070,Kids_II,zRT,0.5609387129338494,2.778199390934816e-09
trained_model_checkpoint_1080.pkl,1080,Kids_II,zRT,0.5630028120276616,2.360757805146198e-09
trained_model_checkpoint_1090.pkl,1090,Kids_II,zRT,0.5666312612977845,1.7683447949304102e-09
trained_model_checkpoint_1100.pkl,1100,Kids_II,zRT,0.5535474146567045,4.932322060276485e-09
