checkpoint_name,training_step,population,measure,epsilon,pearson_r,pearson_p
trained_model_checkpoint_200.pkl,200,Adults,ER,2.5,0.1983127538468043,0.0527587220253765
trained_model_checkpoint_210.pkl,210,Adults,ER,2.5,0.1983127538468043,0.0527587220253765
trained_model_checkpoint_220.pkl,220,Adults,ER,2.5,0.2570496134240294,0.0114647659394829
trained_model_checkpoint_230.pkl,230,Adults,ER,2.5,0.2421880562683648,0.0174364724347777
trained_model_checkpoint_240.pkl,240,Adults,ER,2.5,0.2720627200351339,0.0073288235244393
trained_model_checkpoint_250.pkl,250,Adults,ER,2.5,0.2720627200351339,0.0073288235244393
trained_model_checkpoint_260.pkl,260,Adults,ER,1.5,0.2422250665523351,0.0174187743718212
trained_model_checkpoint_270.pkl,270,Adults,ER,1.5,0.2422250665523351,0.0174187743718212
trained_model_checkpoint_280.pkl,280,Adults,ER,1.5,0.2329037060203949,0.0223957398779523
trained_model_checkpoint_290.pkl,290,Adults,ER,1.5,0.2329037060203949,0.0223957398779523
trained_model_checkpoint_300.pkl,300,Adults,ER,1.5,0.2238384417393059,0.0283558072881967
trained_model_checkpoint_310.pkl,310,Adults,ER,2.5,0.2263552969573003,0.0265796952855015
trained_model_checkpoint_320.pkl,320,Adults,ER,2.5,0.2538388706064979,0.0125765120925231
trained_model_checkpoint_330.pkl,330,Adults,ER,2.5,0.2538388706064979,0.0125765120925231
trained_model_checkpoint_340.pkl,340,Adults,ER,2.5,0.2493983334529729,0.0142682468633349
trained_model_checkpoint_350.pkl,350,Adults,ER,2.5,0.2493983334529729,0.0142682468633349
trained_model_checkpoint_360.pkl,360,Adults,ER,2.5,0.2493983334529729,0.0142682468633349
trained_model_checkpoint_370.pkl,370,Adults,ER,3.0,0.2422250665523351,0.0174187743718212
trained_model_checkpoint_380.pkl,380,Adults,ER,3.0,0.2422250665523351,0.0174187743718212
trained_model_checkpoint_390.pkl,390,Adults,ER,4.5,0.2622596365906425,0.0098429385599442
trained_model_checkpoint_400.pkl,400,Adults,ER,4.5,0.2622596365906425,0.0098429385599442
trained_model_checkpoint_410.pkl,410,Adults,ER,7.5,0.2486050794599721,0.0145903967133556
trained_model_checkpoint_420.pkl,420,Adults,ER,7.5,0.2486050794599721,0.0145903967133556
trained_model_checkpoint_430.pkl,430,Adults,ER,3.0,0.2329037060203949,0.0223957398779523
trained_model_checkpoint_440.pkl,440,Adults,ER,9.0,0.228728431682624,0.024992507887376
trained_model_checkpoint_450.pkl,450,Adults,ER,7.5,0.3169459470649418,0.001653622911488
trained_model_checkpoint_460.pkl,460,Adults,ER,6.0,0.2622596365906426,0.0098429385599442
trained_model_checkpoint_470.pkl,470,Adults,ER,9.0,0.2551782786674332,0.0121018027500251
trained_model_checkpoint_480.pkl,480,Adults,ER,6.0,0.2759034180515902,0.0065103490864542
trained_model_checkpoint_490.pkl,490,Adults,ER,9.0,0.3032293718425904,0.002671968022967
trained_model_checkpoint_500.pkl,500,Adults,ER,7.5,0.2426644122364361,0.0172098633703124
trained_model_checkpoint_510.pkl,510,Adults,ER,9.0,0.2426644122364361,0.0172098633703124
trained_model_checkpoint_520.pkl,520,Adults,ER,6.0,0.285300066284723,0.0048391497509076
trained_model_checkpoint_530.pkl,530,Adults,ER,6.0,0.2489982866324776,0.0144299305343763
trained_model_checkpoint_540.pkl,540,Adults,ER,4.5,0.2772476668265046,0.0062436164444207
trained_model_checkpoint_550.pkl,550,Adults,ER,7.0,0.2364657286286677,0.0203662932528105
trained_model_checkpoint_560.pkl,560,Adults,ER,5.0,0.2622596365906426,0.0098429385599442
trained_model_checkpoint_570.pkl,570,Adults,ER,5.0,0.2895542117772876,0.0042171592791831
trained_model_checkpoint_580.pkl,580,Adults,ER,6.0,0.2624760609819451,0.0097801557499209
trained_model_checkpoint_590.pkl,590,Adults,ER,5.0,0.3032293718425904,0.002671968022967
trained_model_checkpoint_600.pkl,600,Adults,ER,7.5,0.2668671620132985,0.0085799917686032
trained_model_checkpoint_610.pkl,610,Adults,ER,7.5,0.2929504100852144,0.0037729134549431
trained_model_checkpoint_620.pkl,620,Adults,ER,5.0,0.2895542117772876,0.0042171592791831
trained_model_checkpoint_630.pkl,630,Adults,ER,6.0,0.2668671620132985,0.0085799917686032
trained_model_checkpoint_640.pkl,640,Adults,ER,6.0,0.2977371017882786,0.0032178154856497
trained_model_checkpoint_650.pkl,650,Adults,ER,4.0,0.2583550266165881,0.0110379036544661
trained_model_checkpoint_660.pkl,660,Adults,ER,7.0,0.2821980581834745,0.0053428794280155
trained_model_checkpoint_670.pkl,670,Adults,ER,7.0,0.2668671620132985,0.0085799917686032
trained_model_checkpoint_680.pkl,680,Adults,ER,6.0,0.2836753453206491,0.0050974502659112
trained_model_checkpoint_690.pkl,690,Adults,ER,7.0,0.2567582318647306,0.011561990539069
trained_model_checkpoint_700.pkl,700,Adults,ER,9.0,0.2263552969573003,0.0265796952855015
trained_model_checkpoint_710.pkl,710,Adults,ER,9.0,0.2263552969573003,0.0265796952855015
trained_model_checkpoint_720.pkl,720,Adults,ER,8.5,0.2283409543751493,0.0252460045638594
trained_model_checkpoint_730.pkl,730,Adults,ER,5.0,0.2477325455402574,0.0149520117344542
trained_model_checkpoint_740.pkl,740,Adults,ER,5.0,0.2773597063365451,0.006221828284802
trained_model_checkpoint_750.pkl,750,Adults,ER,9.0,0.2375304400882989,0.0197911927357663
trained_model_checkpoint_760.pkl,760,Adults,ER,9.0,0.2538388706064979,0.0125765120925231
trained_model_checkpoint_770.pkl,770,Adults,ER,8.5,0.2462550200509261,0.0155820890180868
trained_model_checkpoint_780.pkl,780,Adults,ER,9.0,0.2493983334529729,0.0142682468633349
trained_model_checkpoint_790.pkl,790,Adults,ER,9.0,0.2450302468743881,0.0161216803039207
trained_model_checkpoint_800.pkl,800,Adults,ER,9.0,0.2493983334529729,0.0142682468633349
trained_model_checkpoint_810.pkl,810,Adults,ER,9.0,0.2493983334529729,0.0142682468633349
trained_model_checkpoint_820.pkl,820,Adults,ER,5.0,0.2422250665523351,0.0174187743718212
trained_model_checkpoint_830.pkl,830,Adults,ER,5.0,0.2422250665523351,0.0174187743718212
trained_model_checkpoint_840.pkl,840,Adults,ER,10.0,0.2422250665523351,0.0174187743718212
trained_model_checkpoint_850.pkl,850,Adults,ER,5.0,0.2422250665523351,0.0174187743718212
trained_model_checkpoint_860.pkl,860,Adults,ER,5.0,0.2329037060203949,0.0223957398779523
trained_model_checkpoint_870.pkl,870,Adults,ER,5.0,0.2329037060203949,0.0223957398779523
trained_model_checkpoint_880.pkl,880,Adults,ER,5.0,0.2238384417393059,0.0283558072881967
trained_model_checkpoint_890.pkl,890,Adults,ER,5.0,0.2238384417393059,0.0283558072881967
trained_model_checkpoint_900.pkl,900,Adults,ER,10.0,0.2238384417393058,0.0283558072881969
trained_model_checkpoint_910.pkl,910,Adults,ER,7.0,0.2106571191025394,0.0393840923751716
trained_model_checkpoint_920.pkl,920,Adults,ER,10.0,0.2238384417393058,0.0283558072881969
trained_model_checkpoint_930.pkl,930,Adults,ER,6.0,0.2106571191025394,0.0393840923751716
trained_model_checkpoint_940.pkl,940,Adults,ER,4.5,0.2106571191025394,0.0393840923751716
trained_model_checkpoint_950.pkl,950,Adults,ER,8.0,0.2106571191025394,0.0393840923751716
trained_model_checkpoint_960.pkl,960,Adults,ER,6.5,0.2106571191025394,0.0393840923751716
trained_model_checkpoint_970.pkl,970,Adults,ER,7.0,0.2106571191025394,0.0393840923751716
trained_model_checkpoint_980.pkl,980,Adults,ER,8.0,0.2106571191025394,0.0393840923751716
trained_model_checkpoint_990.pkl,990,Adults,ER,9.5,0.2106571191025394,0.0393840923751716
trained_model_checkpoint_1000.pkl,1000,Adults,ER,7.0,0.2106571191025394,0.0393840923751716
trained_model_checkpoint_1010.pkl,1010,Adults,ER,7.5,0.2282270666844952,0.02532092762456
trained_model_checkpoint_1020.pkl,1020,Adults,ER,7.5,0.2282270666844952,0.02532092762456
trained_model_checkpoint_1030.pkl,1030,Adults,ER,4.5,0.2106571191025394,0.0393840923751716
trained_model_checkpoint_1040.pkl,1040,Adults,ER,7.5,0.2282270666844952,0.02532092762456
trained_model_checkpoint_1050.pkl,1050,Adults,ER,9.0,0.2922142828201631,0.0038654851950246
trained_model_checkpoint_1060.pkl,1060,Adults,ER,7.0,0.2106571191025394,0.0393840923751716
trained_model_checkpoint_1070.pkl,1070,Adults,ER,8.5,0.2277269000233441,0.0256522168334438
trained_model_checkpoint_1080.pkl,1080,Adults,ER,8.5,0.2277269000233441,0.0256522168334438
trained_model_checkpoint_1090.pkl,1090,Adults,ER,6.5,0.2106571191025394,0.0393840923751716
trained_model_checkpoint_1100.pkl,1100,Adults,ER,7.0,0.2282270666844952,0.02532092762456
trained_model_checkpoint_1110.pkl,1110,Adults,ER,8.0,0.2106571191025394,0.0393840923751716
trained_model_checkpoint_1120.pkl,1120,Adults,ER,7.5,0.2282106992815277,0.0253317107586615
trained_model_checkpoint_1130.pkl,1130,Adults,ER,8.0,0.2106571191025394,0.0393840923751716
trained_model_checkpoint_1140.pkl,1140,Adults,ER,8.0,0.2106571191025394,0.0393840923751716
trained_model_checkpoint_1150.pkl,1150,Adults,ER,8.0,0.2106571191025394,0.0393840923751716
trained_model_checkpoint_1160.pkl,1160,Adults,ER,8.0,0.2106571191025394,0.0393840923751716
trained_model_checkpoint_1170.pkl,1170,Adults,ER,8.0,0.2106571191025394,0.0393840923751716
trained_model_checkpoint_1180.pkl,1180,Adults,ER,9.5,0.2106571191025394,0.0393840923751716
trained_model_checkpoint_1190.pkl,1190,Adults,ER,8.0,0.2106571191025394,0.0393840923751716
trained_model_checkpoint_1200.pkl,1200,Adults,ER,10.0,0.2528012421242013,0.0129553370974993
trained_model_checkpoint_1210.pkl,1210,Adults,ER,10.0,0.2528012421242013,0.0129553370974993
trained_model_checkpoint_1220.pkl,1220,Adults,ER,10.0,0.2528012421242013,0.0129553370974993
trained_model_checkpoint_1230.pkl,1230,Adults,ER,10.0,0.2528012421242013,0.0129553370974993
trained_model_checkpoint_1240.pkl,1240,Adults,ER,10.0,0.2528012421242013,0.0129553370974993
trained_model_checkpoint_1250.pkl,1250,Adults,ER,10.0,0.2277269000233441,0.0256522168334438
trained_model_checkpoint_1260.pkl,1260,Adults,ER,10.0,0.2528012421242013,0.0129553370974993
trained_model_checkpoint_1270.pkl,1270,Adults,ER,9.5,0.2106571191025394,0.0393840923751716
trained_model_checkpoint_1280.pkl,1280,Adults,ER,7.5,0.2239011306092175,0.0283103764853574
trained_model_checkpoint_1290.pkl,1290,Adults,ER,9.5,0.2162644946899011,0.0343187244985781
trained_model_checkpoint_1300.pkl,1300,Adults,ER,9.5,0.206361000415322,0.0436748502255988
trained_model_checkpoint_1310.pkl,1310,Adults,ER,9.5,0.2162644946899011,0.0343187244985781
trained_model_checkpoint_1320.pkl,1320,Adults,ER,4.5,0.2277269000233441,0.0256522168334438
trained_model_checkpoint_1330.pkl,1330,Adults,ER,6.0,0.2528012421242013,0.0129553370974993
trained_model_checkpoint_1340.pkl,1340,Adults,ER,6.0,0.2528012421242013,0.0129553370974993
trained_model_checkpoint_1350.pkl,1350,Adults,ER,6.0,0.2528012421242013,0.0129553370974993
trained_model_checkpoint_1360.pkl,1360,Adults,ER,6.0,0.2277269000233441,0.0256522168334438
trained_model_checkpoint_1370.pkl,1370,Adults,ER,5.0,0.2528012421242013,0.0129553370974993
trained_model_checkpoint_1380.pkl,1380,Adults,ER,7.0,0.2922142828201631,0.0038654851950246
trained_model_checkpoint_1390.pkl,1390,Adults,ER,7.0,0.2239011306092175,0.0283103764853574
trained_model_checkpoint_1400.pkl,1400,Adults,ER,7.0,0.2599400603927476,0.0105383339916206
trained_model_checkpoint_1410.pkl,1410,Adults,ER,6.5,0.2239011306092175,0.0283103764853574
trained_model_checkpoint_1420.pkl,1420,Adults,ER,7.0,0.165650429962917,0.1067576572594624
trained_model_checkpoint_1430.pkl,1430,Adults,ER,6.5,0.2528012421242013,0.0129553370974993
trained_model_checkpoint_1440.pkl,1440,Adults,ER,6.5,0.2277269000233441,0.0256522168334438
trained_model_checkpoint_1450.pkl,1450,Adults,ER,6.5,0.2528012421242013,0.0129553370974993
trained_model_checkpoint_1460.pkl,1460,Adults,ER,6.5,0.2528012421242013,0.0129553370974993
trained_model_checkpoint_1470.pkl,1470,Adults,ER,9.5,0.0825086428510271,0.4241800224337381
trained_model_checkpoint_1480.pkl,1480,Adults,ER,9.5,0.0706561804780973,0.4939288075669361
trained_model_checkpoint_1490.pkl,1490,Adults,ER,8.0,0.1157265106882431,0.2615192216666012
trained_model_checkpoint_1500.pkl,1500,Adults,ER,8.0,0.1585000368248461,0.1229761392032518
trained_model_checkpoint_200.pkl,200,Kids_II,ER,1.5,0.1896939222438277,0.0641534787681934
trained_model_checkpoint_210.pkl,210,Kids_II,ER,1.5,0.2260084690305964,0.0268186843972967
trained_model_checkpoint_220.pkl,220,Kids_II,ER,1.5,0.263190328131108,0.0095754378660743
trained_model_checkpoint_230.pkl,230,Kids_II,ER,1.5,0.2444768219642392,0.016370752612559
trained_model_checkpoint_240.pkl,240,Kids_II,ER,0.5,0.2569662810389629,0.0114924980982567
trained_model_checkpoint_250.pkl,250,Kids_II,ER,1.5,0.263190328131108,0.0095754378660743
trained_model_checkpoint_260.pkl,260,Kids_II,ER,1.5,0.2821793002184656,0.0053460621434165
trained_model_checkpoint_270.pkl,270,Kids_II,ER,1.5,0.2821793002184656,0.0053460621434165
trained_model_checkpoint_280.pkl,280,Kids_II,ER,2.5,0.2631629484837989,0.009583215375559
trained_model_checkpoint_290.pkl,290,Kids_II,ER,2.5,0.2631629484837989,0.009583215375559
trained_model_checkpoint_300.pkl,300,Kids_II,ER,3.0,0.2457506784560064,0.0158023603455094
trained_model_checkpoint_310.pkl,310,Kids_II,ER,2.5,0.2819477679979131,0.0053854857951987
trained_model_checkpoint_320.pkl,320,Kids_II,ER,2.5,0.2640276500993288,0.0093402455374875
trained_model_checkpoint_330.pkl,330,Kids_II,ER,3.0,0.2819477679979131,0.0053854857951987
trained_model_checkpoint_340.pkl,340,Kids_II,ER,2.5,0.2837122066165646,0.0050914566768651
trained_model_checkpoint_350.pkl,350,Kids_II,ER,2.5,0.2837122066165646,0.0050914566768651
trained_model_checkpoint_360.pkl,360,Kids_II,ER,2.5,0.2837122066165646,0.0050914566768651
trained_model_checkpoint_370.pkl,370,Kids_II,ER,3.0,0.2821793002184656,0.0053460621434165
trained_model_checkpoint_380.pkl,380,Kids_II,ER,3.0,0.2821793002184656,0.0053460621434165
trained_model_checkpoint_390.pkl,390,Kids_II,ER,3.0,0.2821793002184656,0.0053460621434165
trained_model_checkpoint_400.pkl,400,Kids_II,ER,3.0,0.2821793002184656,0.0053460621434165
trained_model_checkpoint_410.pkl,410,Kids_II,ER,2.0,0.2874651516012467,0.0045130722995293
trained_model_checkpoint_420.pkl,420,Kids_II,ER,2.0,0.2874651516012467,0.0045130722995293
trained_model_checkpoint_430.pkl,430,Kids_II,ER,2.5,0.2288281256698102,0.0249276376002932
trained_model_checkpoint_440.pkl,440,Kids_II,ER,1.5,0.2288281256698102,0.0249276376002932
trained_model_checkpoint_450.pkl,450,Kids_II,ER,2.0,0.256966281038963,0.0114924980982567
trained_model_checkpoint_460.pkl,460,Kids_II,ER,2.0,0.256966281038963,0.0114924980982567
trained_model_checkpoint_470.pkl,470,Kids_II,ER,2.5,0.2710663681321953,0.0075554596265145
trained_model_checkpoint_480.pkl,480,Kids_II,ER,4.5,0.2693122800755502,0.0079695096674879
trained_model_checkpoint_490.pkl,490,Kids_II,ER,4.5,0.2693122800755502,0.0079695096674879
trained_model_checkpoint_500.pkl,500,Kids_II,ER,2.0,0.2647215873704618,0.0091491863278919
trained_model_checkpoint_510.pkl,510,Kids_II,ER,3.5,0.2821793002184656,0.0053460621434165
trained_model_checkpoint_520.pkl,520,Kids_II,ER,2.0,0.2647215873704618,0.0091491863278919
trained_model_checkpoint_530.pkl,530,Kids_II,ER,7.5,0.2846860870706273,0.0049353585941106
trained_model_checkpoint_540.pkl,540,Kids_II,ER,7.0,0.2693122800755502,0.0079695096674879
trained_model_checkpoint_550.pkl,550,Kids_II,ER,7.0,0.2719435407365838,0.0073556129736557
trained_model_checkpoint_560.pkl,560,Kids_II,ER,7.0,0.2693122800755502,0.0079695096674879
trained_model_checkpoint_570.pkl,570,Kids_II,ER,7.0,0.2705669921297505,0.007671359366119
trained_model_checkpoint_580.pkl,580,Kids_II,ER,6.5,0.3006087034910923,0.0029210782272225
trained_model_checkpoint_590.pkl,590,Kids_II,ER,6.5,0.300847227648146,0.0028975719688322
trained_model_checkpoint_600.pkl,600,Kids_II,ER,6.5,0.300847227648146,0.0028975719688322
trained_model_checkpoint_610.pkl,610,Kids_II,ER,6.5,0.3006087034910923,0.0029210782272225
trained_model_checkpoint_620.pkl,620,Kids_II,ER,7.0,0.302352017716773,0.0027531529010564
trained_model_checkpoint_630.pkl,630,Kids_II,ER,7.0,0.2846860870706273,0.0049353585941106
trained_model_checkpoint_640.pkl,640,Kids_II,ER,4.0,0.3014759544080211,0.002836423618732
trained_model_checkpoint_650.pkl,650,Kids_II,ER,7.0,0.3197069954835193,0.0014972632691676
trained_model_checkpoint_660.pkl,660,Kids_II,ER,4.5,0.3037824169083143,0.0026219052948894
trained_model_checkpoint_670.pkl,670,Kids_II,ER,4.5,0.3037824169083143,0.0026219052948894
trained_model_checkpoint_680.pkl,680,Kids_II,ER,4.5,0.3037824169083143,0.0026219052948894
trained_model_checkpoint_690.pkl,690,Kids_II,ER,7.0,0.2818800905591901,0.0053970581014655
trained_model_checkpoint_700.pkl,700,Kids_II,ER,7.0,0.3005039644020548,0.0029314541275931
trained_model_checkpoint_710.pkl,710,Kids_II,ER,7.0,0.3010174176183076,0.0028809039504491
trained_model_checkpoint_720.pkl,720,Kids_II,ER,2.5,0.2862163318919897,0.0046986773344545
trained_model_checkpoint_730.pkl,730,Kids_II,ER,7.0,0.2819477679979131,0.0053854857951987
trained_model_checkpoint_740.pkl,740,Kids_II,ER,2.5,0.3937229700484536,7.22681523602248e-05
trained_model_checkpoint_750.pkl,750,Kids_II,ER,2.5,0.3937229700484536,7.22681523602248e-05
trained_model_checkpoint_760.pkl,760,Kids_II,ER,2.5,0.3937229700484536,7.22681523602248e-05
trained_model_checkpoint_770.pkl,770,Kids_II,ER,2.5,0.3676714093613052,0.0002285246998828
trained_model_checkpoint_780.pkl,780,Kids_II,ER,8.5,0.2930407756913872,0.0037616872267505
trained_model_checkpoint_790.pkl,790,Kids_II,ER,9.0,0.2652578303519098,0.0090039040837614
trained_model_checkpoint_800.pkl,800,Kids_II,ER,7.0,0.341132526718863,0.0006707932938632
trained_model_checkpoint_810.pkl,810,Kids_II,ER,9.0,0.2837122066165646,0.0050914566768651
trained_model_checkpoint_820.pkl,820,Kids_II,ER,5.0,0.2821793002184656,0.0053460621434165
trained_model_checkpoint_830.pkl,830,Kids_II,ER,8.0,0.2821793002184657,0.0053460621434164
trained_model_checkpoint_840.pkl,840,Kids_II,ER,10.0,0.2821793002184656,0.0053460621434165
trained_model_checkpoint_850.pkl,850,Kids_II,ER,5.0,0.2821793002184656,0.0053460621434165
trained_model_checkpoint_860.pkl,860,Kids_II,ER,3.5,0.2730078648606817,0.0071194033600419
trained_model_checkpoint_870.pkl,870,Kids_II,ER,3.5,0.2730078648606817,0.0071194033600419
trained_model_checkpoint_880.pkl,880,Kids_II,ER,3.5,0.3937229700484536,7.22681523602248e-05
trained_model_checkpoint_890.pkl,890,Kids_II,ER,3.5,0.3937229700484536,7.22681523602248e-05
trained_model_checkpoint_900.pkl,900,Kids_II,ER,1.5,0.3937229700484536,7.22681523602248e-05
trained_model_checkpoint_910.pkl,910,Kids_II,ER,1.5,0.3937229700484536,7.22681523602248e-05
trained_model_checkpoint_920.pkl,920,Kids_II,ER,1.5,0.3937229700484536,7.22681523602248e-05
trained_model_checkpoint_930.pkl,930,Kids_II,ER,1.5,0.3937229700484536,7.22681523602248e-05
trained_model_checkpoint_940.pkl,940,Kids_II,ER,10.0,0.2337113224621393,0.021921041436281
trained_model_checkpoint_950.pkl,950,Kids_II,ER,9.5,0.2288281256698102,0.0249276376002932
trained_model_checkpoint_960.pkl,960,Kids_II,ER,10.0,0.2337113224621393,0.021921041436281
trained_model_checkpoint_970.pkl,970,Kids_II,ER,10.0,0.2353763723193175,0.0209694917995893
trained_model_checkpoint_980.pkl,980,Kids_II,ER,7.5,0.2288281256698102,0.0249276376002932
trained_model_checkpoint_990.pkl,990,Kids_II,ER,9.5,0.2288281256698102,0.0249276376002932
trained_model_checkpoint_1000.pkl,1000,Kids_II,ER,7.0,0.2288281256698102,0.0249276376002932
trained_model_checkpoint_1010.pkl,1010,Kids_II,ER,8.0,0.2288281256698102,0.0249276376002932
trained_model_checkpoint_1020.pkl,1020,Kids_II,ER,8.5,0.2862163318919897,0.0046986773344545
trained_model_checkpoint_1030.pkl,1030,Kids_II,ER,8.5,0.3789018245642189,0.0001407771632328
trained_model_checkpoint_1040.pkl,1040,Kids_II,ER,9.0,0.3672409638648164,0.0002327267120463
trained_model_checkpoint_1050.pkl,1050,Kids_II,ER,9.0,0.3839442109942629,0.000112604064329
trained_model_checkpoint_1060.pkl,1060,Kids_II,ER,8.5,0.3937229700484536,7.22681523602248e-05
trained_model_checkpoint_1070.pkl,1070,Kids_II,ER,8.5,0.3676714093613052,0.0002285246998828
trained_model_checkpoint_1080.pkl,1080,Kids_II,ER,8.5,0.3676714093613052,0.0002285246998828
trained_model_checkpoint_1090.pkl,1090,Kids_II,ER,4.0,0.3937229700484536,7.22681523602248e-05
trained_model_checkpoint_1100.pkl,1100,Kids_II,ER,4.0,0.3937229700484536,7.22681523602248e-05
trained_model_checkpoint_1110.pkl,1110,Kids_II,ER,4.0,0.3937229700484536,7.22681523602248e-05
trained_model_checkpoint_1120.pkl,1120,Kids_II,ER,4.0,0.3937229700484536,7.22681523602248e-05
trained_model_checkpoint_1130.pkl,1130,Kids_II,ER,10.0,0.2402413753156055,0.0183894919906075
trained_model_checkpoint_1140.pkl,1140,Kids_II,ER,8.0,0.2288281256698102,0.0249276376002932
trained_model_checkpoint_1150.pkl,1150,Kids_II,ER,10.0,0.3010226266175492,0.0028803951538541
trained_model_checkpoint_1160.pkl,1160,Kids_II,ER,8.0,0.2288281256698102,0.0249276376002932
trained_model_checkpoint_1170.pkl,1170,Kids_II,ER,10.0,0.3010226266175492,0.0028803951538541
trained_model_checkpoint_1180.pkl,1180,Kids_II,ER,10.0,0.2862163318919897,0.0046986773344545
trained_model_checkpoint_1190.pkl,1190,Kids_II,ER,8.0,0.2288281256698102,0.0249276376002932
trained_model_checkpoint_1200.pkl,1200,Kids_II,ER,5.0,0.2309768771280639,0.0235639274130823
trained_model_checkpoint_1210.pkl,1210,Kids_II,ER,9.5,0.2288281256698102,0.0249276376002932
trained_model_checkpoint_1220.pkl,1220,Kids_II,ER,9.5,0.2288281256698102,0.0249276376002932
trained_model_checkpoint_1230.pkl,1230,Kids_II,ER,8.0,0.2288281256698102,0.0249276376002932
trained_model_checkpoint_1240.pkl,1240,Kids_II,ER,9.5,0.2288281256698102,0.0249276376002932
trained_model_checkpoint_1250.pkl,1250,Kids_II,ER,10.0,0.3676714093613052,0.0002285246998828
trained_model_checkpoint_1260.pkl,1260,Kids_II,ER,8.0,0.2288281256698102,0.0249276376002932
trained_model_checkpoint_1270.pkl,1270,Kids_II,ER,4.5,0.2730078648606817,0.0071194033600419
trained_model_checkpoint_1280.pkl,1280,Kids_II,ER,7.5,0.3259548447124503,0.0011917477607147
trained_model_checkpoint_1290.pkl,1290,Kids_II,ER,7.5,0.3937229700484536,7.22681523602248e-05
trained_model_checkpoint_1300.pkl,1300,Kids_II,ER,4.5,0.3937229700484536,7.22681523602248e-05
trained_model_checkpoint_1310.pkl,1310,Kids_II,ER,4.5,0.3937229700484536,7.22681523602248e-05
trained_model_checkpoint_1320.pkl,1320,Kids_II,ER,4.5,0.3676714093613052,0.0002285246998828
trained_model_checkpoint_1330.pkl,1330,Kids_II,ER,5.0,0.2730078648606817,0.0071194033600419
trained_model_checkpoint_1340.pkl,1340,Kids_II,ER,8.0,0.2180696821263672,0.0328094172261977
trained_model_checkpoint_1350.pkl,1350,Kids_II,ER,5.0,0.2730078648606817,0.0071194033600419
trained_model_checkpoint_1360.pkl,1360,Kids_II,ER,6.0,0.3676714093613052,0.0002285246998828
trained_model_checkpoint_1370.pkl,1370,Kids_II,ER,6.5,0.2862163318919897,0.0046986773344545
trained_model_checkpoint_1380.pkl,1380,Kids_II,ER,6.5,0.2730078648606817,0.0071194033600419
trained_model_checkpoint_1390.pkl,1390,Kids_II,ER,7.0,0.3259548447124503,0.0011917477607147
trained_model_checkpoint_1400.pkl,1400,Kids_II,ER,7.0,0.2401143723926088,0.0184531971934129
trained_model_checkpoint_1410.pkl,1410,Kids_II,ER,6.5,0.2730078648606817,0.0071194033600419
trained_model_checkpoint_1420.pkl,1420,Kids_II,ER,6.5,0.1861986314760338,0.0693108994329107
trained_model_checkpoint_1430.pkl,1430,Kids_II,ER,6.5,0.2002208960314661,0.0504755195862166
trained_model_checkpoint_1440.pkl,1440,Kids_II,ER,6.5,0.3676714093613052,0.0002285246998828
trained_model_checkpoint_1450.pkl,1450,Kids_II,ER,6.5,0.2002208960314661,0.0504755195862166
trained_model_checkpoint_1460.pkl,1460,Kids_II,ER,6.5,0.2002208960314661,0.0504755195862166
trained_model_checkpoint_1470.pkl,1470,Kids_II,ER,8.0,0.1641252960076909,0.110068916041172
trained_model_checkpoint_1480.pkl,1480,Kids_II,ER,9.5,0.1641252960076909,0.110068916041172
trained_model_checkpoint_1490.pkl,1490,Kids_II,ER,9.5,0.1766402500524786,0.0851405879901942
trained_model_checkpoint_1500.pkl,1500,Kids_II,ER,8.0,0.1940124128932279,0.0582165894274252
trained_model_checkpoint_200.pkl,200,Adults,RT,3.0,0.7653411179072824,1.0932187076369734e-19
trained_model_checkpoint_210.pkl,210,Adults,RT,3.0,0.7428042268058221,4.579613772917227e-18
trained_model_checkpoint_220.pkl,220,Adults,RT,2.5,0.7171587293989277,2.056047851217734e-16
trained_model_checkpoint_230.pkl,230,Adults,RT,2.5,0.7215233989028734,1.1088559277859288e-16
trained_model_checkpoint_240.pkl,240,Adults,RT,2.5,0.7209872699939819,1.1969811582619032e-16
trained_model_checkpoint_250.pkl,250,Adults,RT,2.5,0.7209872699939819,1.1969811582619032e-16
trained_model_checkpoint_260.pkl,260,Adults,RT,1.5,0.7061758453727474,9.249146094153523e-16
trained_model_checkpoint_270.pkl,270,Adults,RT,1.5,0.7061758453727474,9.249146094153523e-16
trained_model_checkpoint_280.pkl,280,Adults,RT,2.5,0.6991378780680519,2.3391873723128906e-15
trained_model_checkpoint_290.pkl,290,Adults,RT,2.5,0.6991378780680519,2.3391873723128906e-15
trained_model_checkpoint_300.pkl,300,Adults,RT,2.5,0.6820278558154996,2.00358438831847e-14
trained_model_checkpoint_310.pkl,310,Adults,RT,2.5,0.6999676296906775,2.0997340967062288e-15
trained_model_checkpoint_320.pkl,320,Adults,RT,3.0,0.6909427274375182,6.66572517920808e-15
trained_model_checkpoint_330.pkl,330,Adults,RT,3.0,0.6999676296906775,2.0997340967062288e-15
trained_model_checkpoint_340.pkl,340,Adults,RT,3.0,0.6999676296906775,2.0997340967062288e-15
trained_model_checkpoint_350.pkl,350,Adults,RT,3.5,0.7178372080934048,1.8693008908711527e-16
trained_model_checkpoint_360.pkl,360,Adults,RT,3.0,0.7061758453727474,9.249146094153523e-16
trained_model_checkpoint_370.pkl,370,Adults,RT,3.0,0.7061758453727474,9.249146094153523e-16
trained_model_checkpoint_380.pkl,380,Adults,RT,3.5,0.7412513098285751,5.8395902535004114e-18
trained_model_checkpoint_390.pkl,390,Adults,RT,3.5,0.7210351463827266,1.1888432639496451e-16
trained_model_checkpoint_400.pkl,400,Adults,RT,3.5,0.7210351463827266,1.1888432639496451e-16
trained_model_checkpoint_410.pkl,410,Adults,RT,3.5,0.7210351463827266,1.1888432639496451e-16
trained_model_checkpoint_420.pkl,420,Adults,RT,3.0,0.7061758453727474,9.249146094153523e-16
trained_model_checkpoint_430.pkl,430,Adults,RT,3.5,0.7296973253087141,3.378722262614039e-17
trained_model_checkpoint_440.pkl,440,Adults,RT,4.0,0.7216112445512823,1.0950296358098304e-16
trained_model_checkpoint_450.pkl,450,Adults,RT,3.5,0.7002722845727928,2.017919461110915e-15
trained_model_checkpoint_460.pkl,460,Adults,RT,4.0,0.7441953005691461,3.6781724781034505e-18
trained_model_checkpoint_470.pkl,470,Adults,RT,4.0,0.7319022634799094,2.433920788104605e-17
trained_model_checkpoint_480.pkl,480,Adults,RT,4.0,0.6994832437948214,2.2364699437768047e-15
trained_model_checkpoint_490.pkl,490,Adults,RT,4.0,0.7109983246591896,4.820363861631949e-16
trained_model_checkpoint_500.pkl,500,Adults,RT,4.0,0.7109983246591896,4.820363861631949e-16
trained_model_checkpoint_510.pkl,510,Adults,RT,3.5,0.7061758453727474,9.249146094153523e-16
trained_model_checkpoint_520.pkl,520,Adults,RT,4.0,0.6852998108217594,1.3438689411618223e-14
trained_model_checkpoint_530.pkl,530,Adults,RT,9.0,0.7077249557643709,7.51296590160738e-16
trained_model_checkpoint_540.pkl,540,Adults,RT,4.0,0.6815906419428681,2.11258929930032e-14
trained_model_checkpoint_550.pkl,550,Adults,RT,4.0,0.6815906419428681,2.11258929930032e-14
trained_model_checkpoint_560.pkl,560,Adults,RT,8.5,0.6865016559092014,1.158981947035435e-14
trained_model_checkpoint_570.pkl,570,Adults,RT,8.5,0.6865016559092014,1.158981947035435e-14
trained_model_checkpoint_580.pkl,580,Adults,RT,8.5,0.7111177564021844,4.742391722694776e-16
trained_model_checkpoint_590.pkl,590,Adults,RT,4.0,0.6999676296906775,2.0997340967062288e-15
trained_model_checkpoint_600.pkl,600,Adults,RT,4.0,0.6999676296906775,2.0997340967062288e-15
trained_model_checkpoint_610.pkl,610,Adults,RT,4.0,0.7061758453727474,9.249146094153523e-16
trained_model_checkpoint_620.pkl,620,Adults,RT,4.0,0.7061758453727474,9.249146094153523e-16
trained_model_checkpoint_630.pkl,630,Adults,RT,9.0,0.7203107400633495,1.3179139302324835e-16
trained_model_checkpoint_640.pkl,640,Adults,RT,9.0,0.7209872699939819,1.1969811582619032e-16
trained_model_checkpoint_650.pkl,650,Adults,RT,9.0,0.6991378780680519,2.3391873723128906e-15
trained_model_checkpoint_660.pkl,660,Adults,RT,9.0,0.6991378780680519,2.3391873723128906e-15
trained_model_checkpoint_670.pkl,670,Adults,RT,9.0,0.6991378780680519,2.3391873723128906e-15
trained_model_checkpoint_680.pkl,680,Adults,RT,9.0,0.6991378780680519,2.3391873723128906e-15
trained_model_checkpoint_690.pkl,690,Adults,RT,9.0,0.6991378780680519,2.3391873723128906e-15
trained_model_checkpoint_700.pkl,700,Adults,RT,9.0,0.6999676296906775,2.0997340967062288e-15
trained_model_checkpoint_710.pkl,710,Adults,RT,9.0,0.6999676296906775,2.0997340967062288e-15
trained_model_checkpoint_720.pkl,720,Adults,RT,10.0,0.6952729028582646,3.849805473655024e-15
trained_model_checkpoint_730.pkl,730,Adults,RT,10.0,0.6952729028582646,3.849805473655024e-15
trained_model_checkpoint_740.pkl,740,Adults,RT,10.0,0.7047981781278531,1.1115009310240736e-15
trained_model_checkpoint_750.pkl,750,Adults,RT,10.0,0.7047981781278531,1.1115009310240736e-15
trained_model_checkpoint_760.pkl,760,Adults,RT,10.0,0.7013244969697152,1.758421271504729e-15
trained_model_checkpoint_770.pkl,770,Adults,RT,5.0,0.6989185977283154,2.406760492812593e-15
trained_model_checkpoint_780.pkl,780,Adults,RT,5.0,0.6991378780680519,2.3391873723128906e-15
trained_model_checkpoint_790.pkl,790,Adults,RT,5.0,0.6991378780680519,2.3391873723128906e-15
trained_model_checkpoint_800.pkl,800,Adults,RT,10.0,0.7017318925248353,1.6668908579593797e-15
trained_model_checkpoint_810.pkl,810,Adults,RT,5.0,0.7049899475195596,1.0834979125857611e-15
trained_model_checkpoint_820.pkl,820,Adults,RT,5.0,0.7061758453727474,9.249146094153523e-16
trained_model_checkpoint_830.pkl,830,Adults,RT,5.0,0.7061758453727474,9.249146094153523e-16
trained_model_checkpoint_840.pkl,840,Adults,RT,10.0,0.7061758453727474,9.249146094153523e-16
trained_model_checkpoint_850.pkl,850,Adults,RT,5.0,0.7061758453727474,9.249146094153523e-16
trained_model_checkpoint_860.pkl,860,Adults,RT,10.0,0.6766638493538801,3.813789122425618e-14
trained_model_checkpoint_870.pkl,870,Adults,RT,5.0,0.6464723978729081,1.1259916179593265e-12
trained_model_checkpoint_880.pkl,880,Adults,RT,10.0,0.6460661041891562,1.1754464031316114e-12
trained_model_checkpoint_890.pkl,890,Adults,RT,5.0,0.6082957271106357,4.908520812844946e-11
trained_model_checkpoint_900.pkl,900,Adults,RT,10.0,0.5939962983349913,1.7795427543798958e-10
trained_model_checkpoint_910.pkl,910,Adults,RT,5.0,0.5748018602720477,9.107038588051122e-10
trained_model_checkpoint_920.pkl,920,Adults,RT,10.0,0.5939962983349913,1.7795427543798958e-10
trained_model_checkpoint_930.pkl,930,Adults,RT,6.0,0.5651968562089635,1.9831461497880918e-09
trained_model_checkpoint_940.pkl,940,Adults,RT,7.5,0.5651968562089635,1.9831461497880918e-09
trained_model_checkpoint_950.pkl,950,Adults,RT,9.5,0.5651968562089635,1.9831461497880918e-09
trained_model_checkpoint_960.pkl,960,Adults,RT,9.5,0.5651968562089635,1.9831461497880918e-09
trained_model_checkpoint_970.pkl,970,Adults,RT,4.5,0.5651968562089635,1.9831461497880918e-09
trained_model_checkpoint_980.pkl,980,Adults,RT,7.5,0.5651968562089635,1.9831461497880918e-09
trained_model_checkpoint_990.pkl,990,Adults,RT,9.5,0.5651968562089635,1.9831461497880918e-09
trained_model_checkpoint_1000.pkl,1000,Adults,RT,7.0,0.5651968562089635,1.9831461497880918e-09
trained_model_checkpoint_1010.pkl,1010,Adults,RT,8.0,0.5651968562089635,1.9831461497880918e-09
trained_model_checkpoint_1020.pkl,1020,Adults,RT,8.0,0.5651968562089635,1.9831461497880918e-09
trained_model_checkpoint_1030.pkl,1030,Adults,RT,6.5,0.5651968562089635,1.9831461497880918e-09
trained_model_checkpoint_1040.pkl,1040,Adults,RT,6.5,0.5651968562089635,1.9831461497880918e-09
trained_model_checkpoint_1050.pkl,1050,Adults,RT,6.5,0.5651968562089635,1.9831461497880918e-09
trained_model_checkpoint_1060.pkl,1060,Adults,RT,8.0,0.5651968562089635,1.9831461497880918e-09
trained_model_checkpoint_1070.pkl,1070,Adults,RT,9.5,0.5651968562089635,1.9831461497880918e-09
trained_model_checkpoint_1080.pkl,1080,Adults,RT,8.0,0.5651968562089635,1.9831461497880918e-09
trained_model_checkpoint_1090.pkl,1090,Adults,RT,7.0,0.5651968562089635,1.9831461497880918e-09
trained_model_checkpoint_1100.pkl,1100,Adults,RT,9.5,0.5651968562089635,1.9831461497880918e-09
trained_model_checkpoint_1110.pkl,1110,Adults,RT,9.5,0.5651968562089635,1.9831461497880918e-09
trained_model_checkpoint_1120.pkl,1120,Adults,RT,9.5,0.5651968562089635,1.9831461497880918e-09
trained_model_checkpoint_1130.pkl,1130,Adults,RT,8.0,0.5651968562089635,1.9831461497880918e-09
trained_model_checkpoint_1140.pkl,1140,Adults,RT,8.0,0.5651968562089635,1.9831461497880918e-09
trained_model_checkpoint_1150.pkl,1150,Adults,RT,8.0,0.5651968562089635,1.9831461497880918e-09
trained_model_checkpoint_1160.pkl,1160,Adults,RT,8.0,0.5651968562089635,1.9831461497880918e-09
trained_model_checkpoint_1170.pkl,1170,Adults,RT,8.0,0.5651968562089635,1.9831461497880918e-09
trained_model_checkpoint_1180.pkl,1180,Adults,RT,8.0,0.5651968562089635,1.9831461497880918e-09
trained_model_checkpoint_1190.pkl,1190,Adults,RT,8.0,0.5651968562089635,1.9831461497880918e-09
trained_model_checkpoint_1200.pkl,1200,Adults,RT,9.5,0.5651968562089635,1.9831461497880918e-09
trained_model_checkpoint_1210.pkl,1210,Adults,RT,9.5,0.5651968562089635,1.9831461497880918e-09
trained_model_checkpoint_1220.pkl,1220,Adults,RT,8.0,0.5651968562089635,1.9831461497880918e-09
trained_model_checkpoint_1230.pkl,1230,Adults,RT,8.0,0.5651968562089635,1.9831461497880918e-09
trained_model_checkpoint_1240.pkl,1240,Adults,RT,9.5,0.5651968562089635,1.9831461497880918e-09
trained_model_checkpoint_1250.pkl,1250,Adults,RT,9.5,0.5651968562089635,1.9831461497880918e-09
trained_model_checkpoint_1260.pkl,1260,Adults,RT,8.0,0.5651968562089635,1.9831461497880918e-09
trained_model_checkpoint_1270.pkl,1270,Adults,RT,9.5,0.5651968562089635,1.9831461497880918e-09
trained_model_checkpoint_1280.pkl,1280,Adults,RT,9.5,0.5651968562089635,1.9831461497880918e-09
trained_model_checkpoint_1290.pkl,1290,Adults,RT,9.5,0.4580759937841287,2.694066188162569e-06
trained_model_checkpoint_1300.pkl,1300,Adults,RT,9.5,0.5543271678641787,4.645564055249525e-09
trained_model_checkpoint_1310.pkl,1310,Adults,RT,9.5,0.4580759937841287,2.694066188162569e-06
trained_model_checkpoint_1320.pkl,1320,Adults,RT,8.0,0.4259053973095486,1.5167677976886946e-05
trained_model_checkpoint_1330.pkl,1330,Adults,RT,9.5,0.4097595242913693,3.386532980813117e-05
trained_model_checkpoint_1340.pkl,1340,Adults,RT,8.0,0.4259053973095486,1.5167677976886946e-05
trained_model_checkpoint_1350.pkl,1350,Adults,RT,9.5,0.4143714822714193,2.7035174483816665e-05
trained_model_checkpoint_1360.pkl,1360,Adults,RT,8.0,0.3617423086874753,0.0002930640624891
trained_model_checkpoint_1370.pkl,1370,Adults,RT,9.5,0.4097595242913693,3.386532980813117e-05
trained_model_checkpoint_1380.pkl,1380,Adults,RT,9.5,0.338974668290234,0.0007292029567526
trained_model_checkpoint_1390.pkl,1390,Adults,RT,8.0,0.3323012218801954,0.0009404904674503
trained_model_checkpoint_1400.pkl,1400,Adults,RT,8.0,0.3279749346169426,0.0011058339400483
trained_model_checkpoint_1410.pkl,1410,Adults,RT,8.0,0.262685177026876,0.0097198268491312
trained_model_checkpoint_1420.pkl,1420,Adults,RT,8.0,0.2161122308117321,0.034448658653735
trained_model_checkpoint_1430.pkl,1430,Adults,RT,8.0,0.2860996736706748,0.0047163580480441
trained_model_checkpoint_1440.pkl,1440,Adults,RT,9.5,0.2089581238884603,0.0410368834347945
trained_model_checkpoint_1450.pkl,1450,Adults,RT,8.0,0.2159478776613463,0.0345893730087642
trained_model_checkpoint_1460.pkl,1460,Adults,RT,8.0,0.2111254850246933,0.0389383673470077
trained_model_checkpoint_1470.pkl,1470,Adults,RT,8.0,0.245874747725049,0.0157479246532117
trained_model_checkpoint_1480.pkl,1480,Adults,RT,9.5,0.245874747725049,0.0157479246532117
trained_model_checkpoint_1490.pkl,1490,Adults,RT,8.0,0.163647156584299,0.1111232927525779
trained_model_checkpoint_1500.pkl,1500,Adults,RT,8.0,0.1662029191634496,0.1055774854912696
trained_model_checkpoint_200.pkl,200,Kids_II,RT,3.0,0.8234156091925615,7.325951025714872e-25
trained_model_checkpoint_210.pkl,210,Kids_II,RT,3.0,0.810910105019603,1.3411829715438925e-23
trained_model_checkpoint_220.pkl,220,Kids_II,RT,2.5,0.778954516535193,9.294136280829524e-21
trained_model_checkpoint_230.pkl,230,Kids_II,RT,2.5,0.7800414160294368,7.576639170238621e-21
trained_model_checkpoint_240.pkl,240,Kids_II,RT,3.0,0.775262585768177,1.8446051846095788e-20
trained_model_checkpoint_250.pkl,250,Kids_II,RT,3.0,0.775262585768177,1.8446051846095788e-20
trained_model_checkpoint_260.pkl,260,Kids_II,RT,3.0,0.775262585768177,1.8446051846095788e-20
trained_model_checkpoint_270.pkl,270,Kids_II,RT,3.0,0.775262585768177,1.8446051846095788e-20
trained_model_checkpoint_280.pkl,280,Kids_II,RT,3.0,0.7502905587501016,1.3840964551676361e-18
trained_model_checkpoint_290.pkl,290,Kids_II,RT,3.0,0.7607154004416157,2.4330327677219774e-19
trained_model_checkpoint_300.pkl,300,Kids_II,RT,3.0,0.763203168527192,1.5858889779458232e-19
trained_model_checkpoint_310.pkl,310,Kids_II,RT,3.0,0.7676322881444748,7.305514065399549e-20
trained_model_checkpoint_320.pkl,320,Kids_II,RT,3.0,0.7676322881444748,7.305514065399549e-20
trained_model_checkpoint_330.pkl,330,Kids_II,RT,3.0,0.7426574535697248,4.6863801943688464e-18
trained_model_checkpoint_340.pkl,340,Kids_II,RT,3.0,0.7426574535697248,4.6863801943688464e-18
trained_model_checkpoint_350.pkl,350,Kids_II,RT,3.5,0.7991108391788353,1.7209468245926336e-22
trained_model_checkpoint_360.pkl,360,Kids_II,RT,3.5,0.761485967815838,2.1321435914006177e-19
trained_model_checkpoint_370.pkl,370,Kids_II,RT,3.5,0.790420316722763,1.013870659785321e-21
trained_model_checkpoint_380.pkl,380,Kids_II,RT,3.5,0.8222346539833097,9.734183827632434e-25
trained_model_checkpoint_390.pkl,390,Kids_II,RT,3.5,0.7945342491513745,4.425784996260944e-22
trained_model_checkpoint_400.pkl,400,Kids_II,RT,3.5,0.7945342491513745,4.425784996260944e-22
trained_model_checkpoint_410.pkl,410,Kids_II,RT,3.5,0.7945342491513745,4.425784996260944e-22
trained_model_checkpoint_420.pkl,420,Kids_II,RT,3.5,0.7844352761019779,3.2776965362554175e-21
trained_model_checkpoint_430.pkl,430,Kids_II,RT,3.5,0.8043060032385542,5.715914462784618e-23
trained_model_checkpoint_440.pkl,440,Kids_II,RT,4.0,0.7980846570967984,2.131396578701968e-22
trained_model_checkpoint_450.pkl,450,Kids_II,RT,4.0,0.7958702974367283,3.36754205188416e-22
trained_model_checkpoint_460.pkl,460,Kids_II,RT,4.0,0.8202819961234136,1.5502695834490076e-24
trained_model_checkpoint_470.pkl,470,Kids_II,RT,4.0,0.7988131489122416,1.8313509201004131e-22
trained_model_checkpoint_480.pkl,480,Kids_II,RT,4.0,0.799449334367387,1.6032703109918726e-22
trained_model_checkpoint_490.pkl,490,Kids_II,RT,4.0,0.8015778777423387,1.023812158839078e-22
trained_model_checkpoint_500.pkl,500,Kids_II,RT,4.0,0.8015778777423387,1.023812158839078e-22
trained_model_checkpoint_510.pkl,510,Kids_II,RT,4.0,0.7828888002624996,4.4117734621979745e-21
trained_model_checkpoint_520.pkl,520,Kids_II,RT,4.0,0.7935977034502782,5.353769176705409e-22
trained_model_checkpoint_530.pkl,530,Kids_II,RT,4.0,0.7911171156878549,8.822209990272594e-22
trained_model_checkpoint_540.pkl,540,Kids_II,RT,4.0,0.7609391345189828,2.341660854267895e-19
trained_model_checkpoint_550.pkl,550,Kids_II,RT,4.0,0.7609391345189828,2.341660854267895e-19
trained_model_checkpoint_560.pkl,560,Kids_II,RT,8.5,0.7624361443496017,1.8106037696781248e-19
trained_model_checkpoint_570.pkl,570,Kids_II,RT,8.5,0.7624361443496017,1.8106037696781248e-19
trained_model_checkpoint_580.pkl,580,Kids_II,RT,8.5,0.7869027724851831,2.0298326214688084e-21
trained_model_checkpoint_590.pkl,590,Kids_II,RT,8.5,0.7891311723818272,1.3095942235707656e-21
trained_model_checkpoint_600.pkl,600,Kids_II,RT,8.5,0.7891311723818272,1.3095942235707656e-21
trained_model_checkpoint_610.pkl,610,Kids_II,RT,8.5,0.7891311723818272,1.3095942235707656e-21
trained_model_checkpoint_620.pkl,620,Kids_II,RT,8.5,0.7961730750830984,3.1644309824360336e-22
trained_model_checkpoint_630.pkl,630,Kids_II,RT,8.5,0.7961922553815678,3.1519738218392653e-22
trained_model_checkpoint_640.pkl,640,Kids_II,RT,8.5,0.7801055808550941,7.48553013734151e-21
trained_model_checkpoint_650.pkl,650,Kids_II,RT,8.5,0.7814145915398649,5.843191523218714e-21
trained_model_checkpoint_660.pkl,660,Kids_II,RT,8.5,0.7801055808550941,7.48553013734151e-21
trained_model_checkpoint_670.pkl,670,Kids_II,RT,8.5,0.7814145915398649,5.843191523218714e-21
trained_model_checkpoint_680.pkl,680,Kids_II,RT,8.5,0.760518010951668,2.5165142415415963e-19
trained_model_checkpoint_690.pkl,690,Kids_II,RT,10.0,0.7624361443496017,1.8106037696781248e-19
trained_model_checkpoint_700.pkl,700,Kids_II,RT,10.0,0.7635833522224839,1.4847953890248046e-19
trained_model_checkpoint_710.pkl,710,Kids_II,RT,10.0,0.7891311723818272,1.3095942235707656e-21
trained_model_checkpoint_720.pkl,720,Kids_II,RT,10.0,0.7891311723818272,1.3095942235707656e-21
trained_model_checkpoint_730.pkl,730,Kids_II,RT,10.0,0.7891311723818272,1.3095942235707656e-21
trained_model_checkpoint_740.pkl,740,Kids_II,RT,10.0,0.7961922553815678,3.1519738218392653e-22
trained_model_checkpoint_750.pkl,750,Kids_II,RT,10.0,0.7961922553815678,3.1519738218392653e-22
trained_model_checkpoint_760.pkl,760,Kids_II,RT,10.0,0.7961730750830984,3.1644309824360336e-22
trained_model_checkpoint_770.pkl,770,Kids_II,RT,10.0,0.7801055808550941,7.48553013734151e-21
trained_model_checkpoint_780.pkl,780,Kids_II,RT,10.0,0.7814145915398649,5.843191523218714e-21
trained_model_checkpoint_790.pkl,790,Kids_II,RT,10.0,0.7814145915398649,5.843191523218714e-21
trained_model_checkpoint_800.pkl,800,Kids_II,RT,10.0,0.7713962930958669,3.7296618933101796e-20
trained_model_checkpoint_810.pkl,810,Kids_II,RT,10.0,0.760518010951668,2.5165142415415963e-19
trained_model_checkpoint_820.pkl,820,Kids_II,RT,10.0,0.760518010951668,2.5165142415415963e-19
trained_model_checkpoint_830.pkl,830,Kids_II,RT,10.0,0.760518010951668,2.5165142415415963e-19
trained_model_checkpoint_840.pkl,840,Kids_II,RT,10.0,0.7562335507423735,5.19256835517776e-19
trained_model_checkpoint_850.pkl,850,Kids_II,RT,5.0,0.7562335507423735,5.19256835517776e-19
trained_model_checkpoint_860.pkl,860,Kids_II,RT,10.0,0.7357657163996529,1.3592545644274749e-17
trained_model_checkpoint_870.pkl,870,Kids_II,RT,5.0,0.7074585051338884,7.787234921827311e-16
trained_model_checkpoint_880.pkl,880,Kids_II,RT,10.0,0.712991825242213,3.667695760948994e-16
trained_model_checkpoint_890.pkl,890,Kids_II,RT,5.0,0.6544760945606574,4.764267758023394e-13
trained_model_checkpoint_900.pkl,900,Kids_II,RT,10.0,0.657559374755631,3.3969514282479135e-13
trained_model_checkpoint_910.pkl,910,Kids_II,RT,10.0,0.6270528631363544,8.193897748785002e-12
trained_model_checkpoint_920.pkl,920,Kids_II,RT,10.0,0.657559374755631,3.3969514282479135e-13
trained_model_checkpoint_930.pkl,930,Kids_II,RT,5.0,0.5887564047461582,2.808580745677404e-10
trained_model_checkpoint_940.pkl,940,Kids_II,RT,7.0,0.5887564047461582,2.808580745677404e-10
trained_model_checkpoint_950.pkl,950,Kids_II,RT,6.5,0.5887564047461582,2.808580745677404e-10
trained_model_checkpoint_960.pkl,960,Kids_II,RT,5.0,0.5887564047461582,2.808580745677404e-10
trained_model_checkpoint_970.pkl,970,Kids_II,RT,9.5,0.5887564047461582,2.808580745677404e-10
trained_model_checkpoint_980.pkl,980,Kids_II,RT,7.5,0.5887564047461582,2.808580745677404e-10
trained_model_checkpoint_990.pkl,990,Kids_II,RT,9.5,0.5887564047461582,2.808580745677404e-10
trained_model_checkpoint_1000.pkl,1000,Kids_II,RT,7.5,0.5887564047461582,2.808580745677404e-10
trained_model_checkpoint_1010.pkl,1010,Kids_II,RT,7.5,0.5896264956664321,2.6050987624024625e-10
trained_model_checkpoint_1020.pkl,1020,Kids_II,RT,7.5,0.5896264956664321,2.6050987624024625e-10
trained_model_checkpoint_1030.pkl,1030,Kids_II,RT,6.5,0.5887564047461582,2.808580745677404e-10
trained_model_checkpoint_1040.pkl,1040,Kids_II,RT,7.5,0.5896264956664321,2.6050987624024625e-10
trained_model_checkpoint_1050.pkl,1050,Kids_II,RT,6.5,0.5887564047461582,2.808580745677404e-10
trained_model_checkpoint_1060.pkl,1060,Kids_II,RT,6.5,0.5887564047461582,2.808580745677404e-10
trained_model_checkpoint_1070.pkl,1070,Kids_II,RT,7.0,0.5887564047461582,2.808580745677404e-10
trained_model_checkpoint_1080.pkl,1080,Kids_II,RT,6.5,0.5887564047461582,2.808580745677404e-10
trained_model_checkpoint_1090.pkl,1090,Kids_II,RT,7.0,0.5887564047461582,2.808580745677404e-10
trained_model_checkpoint_1100.pkl,1100,Kids_II,RT,7.0,0.5896264956664321,2.6050987624024625e-10
trained_model_checkpoint_1110.pkl,1110,Kids_II,RT,9.5,0.5887564047461582,2.808580745677404e-10
trained_model_checkpoint_1120.pkl,1120,Kids_II,RT,9.5,0.5887564047461582,2.808580745677404e-10
trained_model_checkpoint_1130.pkl,1130,Kids_II,RT,8.0,0.5887564047461582,2.808580745677404e-10
trained_model_checkpoint_1140.pkl,1140,Kids_II,RT,8.0,0.5887564047461582,2.808580745677404e-10
trained_model_checkpoint_1150.pkl,1150,Kids_II,RT,8.0,0.5887564047461582,2.808580745677404e-10
trained_model_checkpoint_1160.pkl,1160,Kids_II,RT,8.0,0.5887564047461582,2.808580745677404e-10
trained_model_checkpoint_1170.pkl,1170,Kids_II,RT,8.0,0.5887564047461582,2.808580745677404e-10
trained_model_checkpoint_1180.pkl,1180,Kids_II,RT,8.0,0.5887564047461582,2.808580745677404e-10
trained_model_checkpoint_1190.pkl,1190,Kids_II,RT,9.5,0.5887564047461582,2.808580745677404e-10
trained_model_checkpoint_1200.pkl,1200,Kids_II,RT,8.0,0.5887564047461582,2.808580745677404e-10
trained_model_checkpoint_1210.pkl,1210,Kids_II,RT,8.0,0.5887564047461582,2.808580745677404e-10
trained_model_checkpoint_1220.pkl,1220,Kids_II,RT,8.0,0.5887564047461582,2.808580745677404e-10
trained_model_checkpoint_1230.pkl,1230,Kids_II,RT,9.5,0.5887564047461582,2.808580745677404e-10
trained_model_checkpoint_1240.pkl,1240,Kids_II,RT,9.5,0.5887564047461582,2.808580745677404e-10
trained_model_checkpoint_1250.pkl,1250,Kids_II,RT,9.5,0.5887564047461582,2.808580745677404e-10
trained_model_checkpoint_1260.pkl,1260,Kids_II,RT,9.5,0.5887564047461582,2.808580745677404e-10
trained_model_checkpoint_1270.pkl,1270,Kids_II,RT,9.5,0.5887564047461582,2.808580745677404e-10
trained_model_checkpoint_1280.pkl,1280,Kids_II,RT,9.5,0.5887564047461582,2.808580745677404e-10
trained_model_checkpoint_1290.pkl,1290,Kids_II,RT,8.0,0.4788070490282465,8.030587608954456e-07
trained_model_checkpoint_1300.pkl,1300,Kids_II,RT,9.5,0.5699753786447257,1.350720008165684e-09
trained_model_checkpoint_1310.pkl,1310,Kids_II,RT,9.5,0.4761100299057057,9.442776171892106e-07
trained_model_checkpoint_1320.pkl,1320,Kids_II,RT,9.5,0.4501017880573918,4.203478585928242e-06
trained_model_checkpoint_1330.pkl,1330,Kids_II,RT,8.0,0.4519411972228089,3.797292198670657e-06
trained_model_checkpoint_1340.pkl,1340,Kids_II,RT,8.0,0.4501017880573918,4.203478585928242e-06
trained_model_checkpoint_1350.pkl,1350,Kids_II,RT,8.0,0.4519411972228089,3.797292198670657e-06
trained_model_checkpoint_1360.pkl,1360,Kids_II,RT,8.0,0.4206113518450743,1.982769623165732e-05
trained_model_checkpoint_1370.pkl,1370,Kids_II,RT,9.5,0.4519411972228089,3.797292198670657e-06
trained_model_checkpoint_1380.pkl,1380,Kids_II,RT,9.5,0.3997273606830878,5.465865434951171e-05
trained_model_checkpoint_1390.pkl,1390,Kids_II,RT,8.0,0.389256540466578,8.864810675317316e-05
trained_model_checkpoint_1400.pkl,1400,Kids_II,RT,8.0,0.3801339600151737,0.0001333460684474
trained_model_checkpoint_1410.pkl,1410,Kids_II,RT,8.0,0.3417085238140098,0.0006559428155655
trained_model_checkpoint_1420.pkl,1420,Kids_II,RT,8.0,0.3248294912082218,0.001242198384338
trained_model_checkpoint_1430.pkl,1430,Kids_II,RT,8.0,0.3079179400860289,0.0022735023043852
trained_model_checkpoint_1440.pkl,1440,Kids_II,RT,8.0,0.2750083781653862,0.0066934932527617
trained_model_checkpoint_1450.pkl,1450,Kids_II,RT,8.0,0.2298620384081598,0.0242632929598643
trained_model_checkpoint_1460.pkl,1460,Kids_II,RT,9.5,0.2735836345358661,0.0069944341512084
trained_model_checkpoint_1470.pkl,1470,Kids_II,RT,8.0,0.2177974784557563,0.0330333597645888
trained_model_checkpoint_1480.pkl,1480,Kids_II,RT,9.5,0.2177974784557563,0.0330333597645888
trained_model_checkpoint_1490.pkl,1490,Kids_II,RT,8.0,0.225411116958319,0.0272345827274177
trained_model_checkpoint_1500.pkl,1500,Kids_II,RT,8.0,0.1998307017740269,0.0509356622758928
trained_model_checkpoint_200.pkl,200,Adults,zRT,3.0,0.7739395735403919,2.3507874202153003e-20
trained_model_checkpoint_210.pkl,210,Adults,zRT,3.0,0.7514601492291937,1.143719257167287e-18
trained_model_checkpoint_220.pkl,220,Adults,zRT,2.5,0.7304650828678526,3.015168081157768e-17
trained_model_checkpoint_230.pkl,230,Adults,zRT,2.5,0.7380205384701934,9.629175218497856e-18
trained_model_checkpoint_240.pkl,240,Adults,zRT,2.5,0.7310738089612931,2.7541743459560067e-17
trained_model_checkpoint_250.pkl,250,Adults,zRT,2.5,0.7310738089612931,2.7541743459560067e-17
trained_model_checkpoint_260.pkl,260,Adults,zRT,1.5,0.7339511008501156,1.7892928892472285e-17
trained_model_checkpoint_270.pkl,270,Adults,zRT,1.5,0.7339511008501156,1.7892928892472285e-17
trained_model_checkpoint_280.pkl,280,Adults,zRT,2.5,0.729069044059603,3.7075449748132986e-17
trained_model_checkpoint_290.pkl,290,Adults,zRT,2.5,0.729069044059603,3.7075449748132986e-17
trained_model_checkpoint_300.pkl,300,Adults,zRT,3.0,0.7165990545827625,2.2235936812994783e-16
trained_model_checkpoint_310.pkl,310,Adults,zRT,2.5,0.7273651801493786,4.7632860907364693e-17
trained_model_checkpoint_320.pkl,320,Adults,zRT,3.0,0.7212050852188692,1.1603884143458842e-16
trained_model_checkpoint_330.pkl,330,Adults,zRT,3.0,0.7273651801493786,4.7632860907364693e-17
trained_model_checkpoint_340.pkl,340,Adults,zRT,3.0,0.7273651801493786,4.7632860907364693e-17
trained_model_checkpoint_350.pkl,350,Adults,zRT,3.5,0.728615995478604,3.9637044873883843e-17
trained_model_checkpoint_360.pkl,360,Adults,zRT,3.0,0.7339511008501156,1.7892928892472285e-17
trained_model_checkpoint_370.pkl,370,Adults,zRT,3.0,0.7339511008501156,1.7892928892472285e-17
trained_model_checkpoint_380.pkl,380,Adults,zRT,3.5,0.7523815069406417,9.834041383287757e-19
trained_model_checkpoint_390.pkl,390,Adults,zRT,3.5,0.752265061006204,1.0023909622606178e-18
trained_model_checkpoint_400.pkl,400,Adults,zRT,3.5,0.752265061006204,1.0023909622606178e-18
trained_model_checkpoint_410.pkl,410,Adults,zRT,3.5,0.752265061006204,1.0023909622606178e-18
trained_model_checkpoint_420.pkl,420,Adults,zRT,3.0,0.7339511008501156,1.7892928892472285e-17
trained_model_checkpoint_430.pkl,430,Adults,zRT,3.5,0.7588626328229715,3.3351767724405907e-19
trained_model_checkpoint_440.pkl,440,Adults,zRT,3.5,0.7357377498795341,1.3650485370195694e-17
trained_model_checkpoint_450.pkl,450,Adults,zRT,3.5,0.7324402799091136,2.245616997904736e-17
trained_model_checkpoint_460.pkl,460,Adults,zRT,4.0,0.7548013402346423,6.593248151704891e-19
trained_model_checkpoint_470.pkl,470,Adults,zRT,4.0,0.7396380871723931,7.503105544325517e-18
trained_model_checkpoint_480.pkl,480,Adults,zRT,3.5,0.7266990920310246,5.25079934632518e-17
trained_model_checkpoint_490.pkl,490,Adults,zRT,3.5,0.7301661658742357,3.1519609182897e-17
trained_model_checkpoint_500.pkl,500,Adults,zRT,3.5,0.7324375582538731,2.246533012216407e-17
trained_model_checkpoint_510.pkl,510,Adults,zRT,3.5,0.7339511008501156,1.7892928892472285e-17
trained_model_checkpoint_520.pkl,520,Adults,zRT,4.0,0.7171255760188366,2.065622068510654e-16
trained_model_checkpoint_530.pkl,530,Adults,zRT,9.0,0.7185124930562516,1.6998079794561462e-16
trained_model_checkpoint_540.pkl,540,Adults,zRT,4.0,0.7105528327405926,5.122315662767733e-16
trained_model_checkpoint_550.pkl,550,Adults,zRT,4.0,0.7105528327405926,5.122315662767733e-16
trained_model_checkpoint_560.pkl,560,Adults,zRT,8.5,0.7109923339852996,4.8243074737934155e-16
trained_model_checkpoint_570.pkl,570,Adults,zRT,8.5,0.7109923339852996,4.8243074737934155e-16
trained_model_checkpoint_580.pkl,580,Adults,zRT,8.5,0.7359809720648769,1.3154505864219232e-17
trained_model_checkpoint_590.pkl,590,Adults,zRT,4.0,0.7273651801493786,4.7632860907364693e-17
trained_model_checkpoint_600.pkl,600,Adults,zRT,4.0,0.7273651801493786,4.7632860907364693e-17
trained_model_checkpoint_610.pkl,610,Adults,zRT,4.0,0.7339511008501156,1.7892928892472285e-17
trained_model_checkpoint_620.pkl,620,Adults,zRT,4.0,0.7339511008501156,1.7892928892472285e-17
trained_model_checkpoint_630.pkl,630,Adults,zRT,8.5,0.7372851819990849,1.077909430043872e-17
trained_model_checkpoint_640.pkl,640,Adults,zRT,9.0,0.7310738089612931,2.7541743459560067e-17
trained_model_checkpoint_650.pkl,650,Adults,zRT,8.5,0.7301661658742357,3.1519609182897e-17
trained_model_checkpoint_660.pkl,660,Adults,zRT,9.0,0.729069044059603,3.7075449748132986e-17
trained_model_checkpoint_670.pkl,670,Adults,zRT,8.5,0.7301661658742357,3.1519609182897e-17
trained_model_checkpoint_680.pkl,680,Adults,zRT,9.0,0.729069044059603,3.7075449748132986e-17
trained_model_checkpoint_690.pkl,690,Adults,zRT,9.0,0.729069044059603,3.7075449748132986e-17
trained_model_checkpoint_700.pkl,700,Adults,zRT,9.0,0.7273651801493786,4.7632860907364693e-17
trained_model_checkpoint_710.pkl,710,Adults,zRT,9.0,0.7273651801493786,4.7632860907364693e-17
trained_model_checkpoint_720.pkl,720,Adults,zRT,10.0,0.7239183759529608,7.862509506904544e-17
trained_model_checkpoint_730.pkl,730,Adults,zRT,10.0,0.7239183759529608,7.862509506904544e-17
trained_model_checkpoint_740.pkl,740,Adults,zRT,10.0,0.7372851819990849,1.077909430043872e-17
trained_model_checkpoint_750.pkl,750,Adults,zRT,10.0,0.7372851819990849,1.077909430043872e-17
trained_model_checkpoint_760.pkl,760,Adults,zRT,10.0,0.7306623977255005,2.9280455622470736e-17
trained_model_checkpoint_770.pkl,770,Adults,zRT,10.0,0.7266990920310246,5.25079934632518e-17
trained_model_checkpoint_780.pkl,780,Adults,zRT,10.0,0.7301661658742357,3.1519609182897e-17
trained_model_checkpoint_790.pkl,790,Adults,zRT,10.0,0.7301661658742357,3.1519609182897e-17
trained_model_checkpoint_800.pkl,800,Adults,zRT,10.0,0.7324375582538731,2.246533012216407e-17
trained_model_checkpoint_810.pkl,810,Adults,zRT,5.0,0.7352940948231832,1.4602324586011966e-17
trained_model_checkpoint_820.pkl,820,Adults,zRT,5.0,0.7339511008501156,1.7892928892472285e-17
trained_model_checkpoint_830.pkl,830,Adults,zRT,5.0,0.7339511008501156,1.7892928892472285e-17
trained_model_checkpoint_840.pkl,840,Adults,zRT,10.0,0.7339511008501156,1.7892928892472285e-17
trained_model_checkpoint_850.pkl,850,Adults,zRT,5.0,0.7339511008501156,1.7892928892472285e-17
trained_model_checkpoint_860.pkl,860,Adults,zRT,10.0,0.7099682697139054,5.546446758089693e-16
trained_model_checkpoint_870.pkl,870,Adults,zRT,5.0,0.6880860013250382,9.525016074574716e-15
trained_model_checkpoint_880.pkl,880,Adults,zRT,10.0,0.6834504019263621,1.6852842440920034e-14
trained_model_checkpoint_890.pkl,890,Adults,zRT,5.0,0.6402298987783805,2.1641901723849897e-12
trained_model_checkpoint_900.pkl,900,Adults,zRT,10.0,0.6316890613706275,5.166453800919571e-12
trained_model_checkpoint_910.pkl,910,Adults,zRT,5.0,0.6097044502871316,4.308517839300317e-11
trained_model_checkpoint_920.pkl,920,Adults,zRT,10.0,0.6316890613706275,5.166453800919571e-12
trained_model_checkpoint_930.pkl,930,Adults,zRT,6.0,0.5987311595893114,1.1698868105539043e-10
trained_model_checkpoint_940.pkl,940,Adults,zRT,4.5,0.5987311595893114,1.1698868105539043e-10
trained_model_checkpoint_950.pkl,950,Adults,zRT,8.0,0.5987311595893114,1.1698868105539043e-10
trained_model_checkpoint_960.pkl,960,Adults,zRT,5.0,0.5987311595893114,1.1698868105539043e-10
trained_model_checkpoint_970.pkl,970,Adults,zRT,7.0,0.5987311595893114,1.1698868105539043e-10
trained_model_checkpoint_980.pkl,980,Adults,zRT,8.0,0.5987311595893114,1.1698868105539043e-10
trained_model_checkpoint_990.pkl,990,Adults,zRT,9.5,0.5987311595893114,1.1698868105539043e-10
trained_model_checkpoint_1000.pkl,1000,Adults,zRT,7.0,0.5987311595893114,1.1698868105539043e-10
trained_model_checkpoint_1010.pkl,1010,Adults,zRT,8.0,0.5987311595893114,1.1698868105539043e-10
trained_model_checkpoint_1020.pkl,1020,Adults,zRT,4.5,0.5987311595893114,1.1698868105539043e-10
trained_model_checkpoint_1030.pkl,1030,Adults,zRT,4.5,0.5987311595893114,1.1698868105539043e-10
trained_model_checkpoint_1040.pkl,1040,Adults,zRT,6.5,0.5987311595893114,1.1698868105539043e-10
trained_model_checkpoint_1050.pkl,1050,Adults,zRT,6.5,0.5987311595893114,1.1698868105539043e-10
trained_model_checkpoint_1060.pkl,1060,Adults,zRT,7.0,0.5987311595893114,1.1698868105539043e-10
trained_model_checkpoint_1070.pkl,1070,Adults,zRT,7.0,0.5987311595893114,1.1698868105539043e-10
trained_model_checkpoint_1080.pkl,1080,Adults,zRT,6.5,0.5987311595893114,1.1698868105539043e-10
trained_model_checkpoint_1090.pkl,1090,Adults,zRT,6.5,0.5987311595893114,1.1698868105539043e-10
trained_model_checkpoint_1100.pkl,1100,Adults,zRT,8.0,0.5987311595893114,1.1698868105539043e-10
trained_model_checkpoint_1110.pkl,1110,Adults,zRT,8.0,0.5987311595893114,1.1698868105539043e-10
trained_model_checkpoint_1120.pkl,1120,Adults,zRT,8.0,0.5987311595893114,1.1698868105539043e-10
trained_model_checkpoint_1130.pkl,1130,Adults,zRT,8.0,0.5987311595893114,1.1698868105539043e-10
trained_model_checkpoint_1140.pkl,1140,Adults,zRT,8.0,0.5987311595893114,1.1698868105539043e-10
trained_model_checkpoint_1150.pkl,1150,Adults,zRT,8.0,0.5987311595893114,1.1698868105539043e-10
trained_model_checkpoint_1160.pkl,1160,Adults,zRT,8.0,0.5987311595893114,1.1698868105539043e-10
trained_model_checkpoint_1170.pkl,1170,Adults,zRT,8.0,0.5987311595893114,1.1698868105539043e-10
trained_model_checkpoint_1180.pkl,1180,Adults,zRT,8.0,0.5987311595893114,1.1698868105539043e-10
trained_model_checkpoint_1190.pkl,1190,Adults,zRT,8.0,0.5987311595893114,1.1698868105539043e-10
trained_model_checkpoint_1200.pkl,1200,Adults,zRT,9.5,0.5987311595893114,1.1698868105539043e-10
trained_model_checkpoint_1210.pkl,1210,Adults,zRT,8.0,0.5987311595893114,1.1698868105539043e-10
trained_model_checkpoint_1220.pkl,1220,Adults,zRT,9.5,0.5987311595893114,1.1698868105539043e-10
trained_model_checkpoint_1230.pkl,1230,Adults,zRT,8.0,0.5987311595893114,1.1698868105539043e-10
trained_model_checkpoint_1240.pkl,1240,Adults,zRT,8.0,0.5987311595893114,1.1698868105539043e-10
trained_model_checkpoint_1250.pkl,1250,Adults,zRT,9.5,0.5987311595893114,1.1698868105539043e-10
trained_model_checkpoint_1260.pkl,1260,Adults,zRT,9.5,0.5987311595893114,1.1698868105539043e-10
trained_model_checkpoint_1270.pkl,1270,Adults,zRT,9.5,0.5987311595893114,1.1698868105539043e-10
trained_model_checkpoint_1280.pkl,1280,Adults,zRT,9.5,0.5987311595893114,1.1698868105539043e-10
trained_model_checkpoint_1290.pkl,1290,Adults,zRT,9.5,0.4878975398635241,4.604066282135081e-07
trained_model_checkpoint_1300.pkl,1300,Adults,zRT,9.5,0.5872384792440044,3.2006466427320947e-10
trained_model_checkpoint_1310.pkl,1310,Adults,zRT,9.5,0.4878975398635241,4.604066282135081e-07
trained_model_checkpoint_1320.pkl,1320,Adults,zRT,8.0,0.4430713341784388,6.165306254778008e-06
trained_model_checkpoint_1330.pkl,1330,Adults,zRT,9.5,0.4283792237917603,1.3362162011287822e-05
trained_model_checkpoint_1340.pkl,1340,Adults,zRT,8.0,0.4430713341784388,6.165306254778008e-06
trained_model_checkpoint_1350.pkl,1350,Adults,zRT,9.5,0.4367310715692407,8.646385854573002e-06
trained_model_checkpoint_1360.pkl,1360,Adults,zRT,8.0,0.3807952745195203,0.0001295092320647
trained_model_checkpoint_1370.pkl,1370,Adults,zRT,9.5,0.4283792237917603,1.3362162011287822e-05
trained_model_checkpoint_1380.pkl,1380,Adults,zRT,9.5,0.3463477473972364,0.00054686188683
trained_model_checkpoint_1390.pkl,1390,Adults,zRT,8.0,0.3424896897983537,0.0006362830749647
trained_model_checkpoint_1400.pkl,1400,Adults,zRT,8.0,0.3328862520321162,0.000919951251981
trained_model_checkpoint_1410.pkl,1410,Adults,zRT,8.0,0.2836988123364211,0.0050936338405515
trained_model_checkpoint_1420.pkl,1420,Adults,zRT,8.0,0.2292646469754466,0.0246452823987483
trained_model_checkpoint_1430.pkl,1430,Adults,zRT,8.0,0.3094291201556013,0.0021569910181845
trained_model_checkpoint_1440.pkl,1440,Adults,zRT,9.5,0.2266786640842863,0.0263585052244884
trained_model_checkpoint_1450.pkl,1450,Adults,zRT,8.0,0.2401553809497979,0.0184326063853267
trained_model_checkpoint_1460.pkl,1460,Adults,zRT,8.0,0.2251572425785041,0.0274129905181851
trained_model_checkpoint_1470.pkl,1470,Adults,zRT,8.0,0.2574499840070534,0.0113323400484501
trained_model_checkpoint_1480.pkl,1480,Adults,zRT,9.5,0.2574499840070534,0.0113323400484501
trained_model_checkpoint_1490.pkl,1490,Adults,zRT,8.0,0.1687701611383878,0.1002266877990641
trained_model_checkpoint_1500.pkl,1500,Adults,zRT,8.0,0.155908058890677,0.1293014908624838
trained_model_checkpoint_200.pkl,200,Kids_II,zRT,3.0,0.8216816467269956,1.1111885353791955e-24
trained_model_checkpoint_210.pkl,210,Kids_II,zRT,3.0,0.8040272822108457,6.069171867622721e-23
trained_model_checkpoint_220.pkl,220,Kids_II,zRT,2.5,0.7797625251305123,7.985327393829317e-21
trained_model_checkpoint_230.pkl,230,Kids_II,zRT,2.5,0.7829432801448319,4.3660136973645725e-21
trained_model_checkpoint_240.pkl,240,Kids_II,zRT,3.0,0.7775772847407624,1.2020583666184451e-20
trained_model_checkpoint_250.pkl,250,Kids_II,zRT,3.0,0.7775772847407624,1.2020583666184451e-20
trained_model_checkpoint_260.pkl,260,Kids_II,zRT,3.0,0.7775772847407624,1.2020583666184451e-20
trained_model_checkpoint_270.pkl,270,Kids_II,zRT,3.0,0.7775772847407624,1.2020583666184451e-20
trained_model_checkpoint_280.pkl,280,Kids_II,zRT,3.0,0.7486629972929026,1.801753718774968e-18
trained_model_checkpoint_290.pkl,290,Kids_II,zRT,3.0,0.7594655545072063,3.010798028572858e-19
trained_model_checkpoint_300.pkl,300,Kids_II,zRT,3.0,0.7617384093956723,2.041678453341662e-19
trained_model_checkpoint_310.pkl,310,Kids_II,zRT,3.0,0.7643263980803923,1.3049761688028853e-19
trained_model_checkpoint_320.pkl,320,Kids_II,zRT,3.0,0.7643263980803923,1.3049761688028853e-19
trained_model_checkpoint_330.pkl,330,Kids_II,zRT,3.0,0.7365235336834006,1.211030584242515e-17
trained_model_checkpoint_340.pkl,340,Kids_II,zRT,3.0,0.7365235336834006,1.211030584242515e-17
trained_model_checkpoint_350.pkl,350,Kids_II,zRT,3.5,0.7906917661306934,9.604571184143306e-22
trained_model_checkpoint_360.pkl,360,Kids_II,zRT,3.5,0.755247131589992,6.121990224995792e-19
trained_model_checkpoint_370.pkl,370,Kids_II,zRT,3.5,0.7827532327096013,4.5276754272716004e-21
trained_model_checkpoint_380.pkl,380,Kids_II,zRT,3.5,0.8152208402725241,5.047387899613058e-24
trained_model_checkpoint_390.pkl,390,Kids_II,zRT,3.5,0.7868610909844391,2.046437485762924e-21
trained_model_checkpoint_400.pkl,400,Kids_II,zRT,3.5,0.7868610909844391,2.046437485762924e-21
trained_model_checkpoint_410.pkl,410,Kids_II,zRT,3.5,0.7868610909844391,2.046437485762924e-21
trained_model_checkpoint_420.pkl,420,Kids_II,zRT,3.5,0.7789692754716826,9.268458432928328e-21
trained_model_checkpoint_430.pkl,430,Kids_II,zRT,4.0,0.7998380032247896,1.4777943210101885e-22
trained_model_checkpoint_440.pkl,440,Kids_II,zRT,4.0,0.7959937114436573,3.2832659591632373e-22
trained_model_checkpoint_450.pkl,450,Kids_II,zRT,4.0,0.7884715049030472,1.4918187595865486e-21
trained_model_checkpoint_460.pkl,460,Kids_II,zRT,4.0,0.8195977252715608,1.8224433184544284e-24
trained_model_checkpoint_470.pkl,470,Kids_II,zRT,4.0,0.7970029778792104,2.6669071267266825e-22
trained_model_checkpoint_480.pkl,480,Kids_II,zRT,4.0,0.796487988427135,2.965835069843187e-22
trained_model_checkpoint_490.pkl,490,Kids_II,zRT,4.0,0.798892607684073,1.8012256518045396e-22
trained_model_checkpoint_500.pkl,500,Kids_II,zRT,4.0,0.798892607684073,1.8012256518045396e-22
trained_model_checkpoint_510.pkl,510,Kids_II,zRT,4.0,0.7844661469385614,3.258231694506429e-21
trained_model_checkpoint_520.pkl,520,Kids_II,zRT,4.0,0.7916520377256866,7.9259135763384865e-22
trained_model_checkpoint_530.pkl,530,Kids_II,zRT,4.0,0.7888973261879184,1.3715659212636553e-21
trained_model_checkpoint_540.pkl,540,Kids_II,zRT,4.0,0.7600692348551812,2.716800996187789e-19
trained_model_checkpoint_550.pkl,550,Kids_II,zRT,4.0,0.7600692348551812,2.716800996187789e-19
trained_model_checkpoint_560.pkl,560,Kids_II,zRT,4.0,0.7600692348551812,2.716800996187789e-19
trained_model_checkpoint_570.pkl,570,Kids_II,zRT,5.5,0.7515923038277367,1.1192562302703666e-18
trained_model_checkpoint_580.pkl,580,Kids_II,zRT,5.5,0.7781464294304489,1.0810733946380288e-20
trained_model_checkpoint_590.pkl,590,Kids_II,zRT,8.5,0.7834600479899714,3.954293523584068e-21
trained_model_checkpoint_600.pkl,600,Kids_II,zRT,8.5,0.7834600479899714,3.954293523584068e-21
trained_model_checkpoint_610.pkl,610,Kids_II,zRT,8.5,0.7834600479899714,3.954293523584068e-21
trained_model_checkpoint_620.pkl,620,Kids_II,zRT,8.5,0.7884264551765956,1.5051251318769405e-21
trained_model_checkpoint_630.pkl,630,Kids_II,zRT,8.5,0.7905687164828946,9.843216694069604e-22
trained_model_checkpoint_640.pkl,640,Kids_II,zRT,8.5,0.7766426404059128,1.42984248204018e-20
trained_model_checkpoint_650.pkl,650,Kids_II,zRT,8.5,0.7765363286267496,1.4582680332291938e-20
trained_model_checkpoint_660.pkl,660,Kids_II,zRT,8.5,0.7766426404059128,1.42984248204018e-20
trained_model_checkpoint_670.pkl,670,Kids_II,zRT,8.5,0.7765363286267496,1.4582680332291938e-20
trained_model_checkpoint_680.pkl,680,Kids_II,zRT,8.5,0.7606051936068645,2.479304743393583e-19
trained_model_checkpoint_690.pkl,690,Kids_II,zRT,10.0,0.7508449712739294,1.264596940764029e-18
trained_model_checkpoint_700.pkl,700,Kids_II,zRT,10.0,0.7565284732222723,4.942377651540557e-19
trained_model_checkpoint_710.pkl,710,Kids_II,zRT,10.0,0.7834600479899714,3.954293523584068e-21
trained_model_checkpoint_720.pkl,720,Kids_II,zRT,10.0,0.7834600479899714,3.954293523584068e-21
trained_model_checkpoint_730.pkl,730,Kids_II,zRT,10.0,0.7834600479899714,3.954293523584068e-21
trained_model_checkpoint_740.pkl,740,Kids_II,zRT,10.0,0.7905687164828946,9.843216694069604e-22
trained_model_checkpoint_750.pkl,750,Kids_II,zRT,10.0,0.7905687164828946,9.843216694069604e-22
trained_model_checkpoint_760.pkl,760,Kids_II,zRT,10.0,0.7884264551765956,1.5051251318769405e-21
trained_model_checkpoint_770.pkl,770,Kids_II,zRT,10.0,0.7766426404059128,1.42984248204018e-20
trained_model_checkpoint_780.pkl,780,Kids_II,zRT,10.0,0.7765363286267496,1.4582680332291938e-20
trained_model_checkpoint_790.pkl,790,Kids_II,zRT,10.0,0.7765363286267496,1.4582680332291938e-20
trained_model_checkpoint_800.pkl,800,Kids_II,zRT,10.0,0.7642127947068234,1.3310288225942948e-19
trained_model_checkpoint_810.pkl,810,Kids_II,zRT,10.0,0.7606051936068645,2.479304743393583e-19
trained_model_checkpoint_820.pkl,820,Kids_II,zRT,10.0,0.7606051936068645,2.479304743393583e-19
trained_model_checkpoint_830.pkl,830,Kids_II,zRT,10.0,0.7606051936068645,2.479304743393583e-19
trained_model_checkpoint_840.pkl,840,Kids_II,zRT,10.0,0.749924016178721,1.469048192544982e-18
trained_model_checkpoint_850.pkl,850,Kids_II,zRT,5.0,0.749924016178721,1.469048192544982e-18
trained_model_checkpoint_860.pkl,860,Kids_II,zRT,10.0,0.7344554243771304,1.6580615332912312e-17
trained_model_checkpoint_870.pkl,870,Kids_II,zRT,5.0,0.7062896402709675,9.109383181107955e-16
trained_model_checkpoint_880.pkl,880,Kids_II,zRT,10.0,0.706994854224845,8.287784916682945e-16
trained_model_checkpoint_890.pkl,890,Kids_II,zRT,5.0,0.6514748086321647,6.597430776551834e-13
trained_model_checkpoint_900.pkl,900,Kids_II,zRT,10.0,0.6493031542843359,8.330871891965125e-13
trained_model_checkpoint_910.pkl,910,Kids_II,zRT,10.0,0.6255764838595845,9.474978488572794e-12
trained_model_checkpoint_920.pkl,920,Kids_II,zRT,10.0,0.6493031542843359,8.330871891965125e-13
trained_model_checkpoint_930.pkl,930,Kids_II,zRT,5.0,0.5760416734959308,8.221552138401987e-10
trained_model_checkpoint_940.pkl,940,Kids_II,zRT,8.0,0.5760416734959308,8.221552138401987e-10
trained_model_checkpoint_950.pkl,950,Kids_II,zRT,6.5,0.5760416734959308,8.221552138401987e-10
trained_model_checkpoint_960.pkl,960,Kids_II,zRT,5.0,0.5760416734959308,8.221552138401987e-10
trained_model_checkpoint_970.pkl,970,Kids_II,zRT,9.5,0.5760416734959308,8.221552138401987e-10
trained_model_checkpoint_980.pkl,980,Kids_II,zRT,7.5,0.5760416734959308,8.221552138401987e-10
trained_model_checkpoint_990.pkl,990,Kids_II,zRT,9.5,0.5760416734959308,8.221552138401987e-10
trained_model_checkpoint_1000.pkl,1000,Kids_II,zRT,7.5,0.5760416734959308,8.221552138401987e-10
trained_model_checkpoint_1010.pkl,1010,Kids_II,zRT,7.5,0.576339277575291,8.021634814249421e-10
trained_model_checkpoint_1020.pkl,1020,Kids_II,zRT,7.5,0.576339277575291,8.021634814249421e-10
trained_model_checkpoint_1030.pkl,1030,Kids_II,zRT,6.5,0.5760416734959308,8.221552138401987e-10
trained_model_checkpoint_1040.pkl,1040,Kids_II,zRT,7.5,0.576339277575291,8.021634814249421e-10
trained_model_checkpoint_1050.pkl,1050,Kids_II,zRT,6.5,0.5760416734959308,8.221552138401987e-10
trained_model_checkpoint_1060.pkl,1060,Kids_II,zRT,6.5,0.5760416734959308,8.221552138401987e-10
trained_model_checkpoint_1070.pkl,1070,Kids_II,zRT,7.0,0.5760416734959308,8.221552138401987e-10
trained_model_checkpoint_1080.pkl,1080,Kids_II,zRT,6.5,0.5760416734959308,8.221552138401987e-10
trained_model_checkpoint_1090.pkl,1090,Kids_II,zRT,7.0,0.5760416734959308,8.221552138401987e-10
trained_model_checkpoint_1100.pkl,1100,Kids_II,zRT,7.0,0.576339277575291,8.021634814249421e-10
trained_model_checkpoint_1110.pkl,1110,Kids_II,zRT,9.5,0.5760416734959308,8.221552138401987e-10
trained_model_checkpoint_1120.pkl,1120,Kids_II,zRT,9.5,0.5760416734959308,8.221552138401987e-10
trained_model_checkpoint_1130.pkl,1130,Kids_II,zRT,8.0,0.5760416734959308,8.221552138401987e-10
trained_model_checkpoint_1140.pkl,1140,Kids_II,zRT,8.0,0.5760416734959308,8.221552138401987e-10
trained_model_checkpoint_1150.pkl,1150,Kids_II,zRT,8.0,0.5760416734959308,8.221552138401987e-10
trained_model_checkpoint_1160.pkl,1160,Kids_II,zRT,8.0,0.5760416734959308,8.221552138401987e-10
trained_model_checkpoint_1170.pkl,1170,Kids_II,zRT,8.0,0.5760416734959308,8.221552138401987e-10
trained_model_checkpoint_1180.pkl,1180,Kids_II,zRT,8.0,0.5760416734959308,8.221552138401987e-10
trained_model_checkpoint_1190.pkl,1190,Kids_II,zRT,8.0,0.5760416734959308,8.221552138401987e-10
trained_model_checkpoint_1200.pkl,1200,Kids_II,zRT,9.5,0.5760416734959308,8.221552138401987e-10
trained_model_checkpoint_1210.pkl,1210,Kids_II,zRT,8.0,0.5760416734959308,8.221552138401987e-10
trained_model_checkpoint_1220.pkl,1220,Kids_II,zRT,8.0,0.5760416734959308,8.221552138401987e-10
trained_model_checkpoint_1230.pkl,1230,Kids_II,zRT,9.5,0.5760416734959308,8.221552138401987e-10
trained_model_checkpoint_1240.pkl,1240,Kids_II,zRT,9.5,0.5760416734959308,8.221552138401987e-10
trained_model_checkpoint_1250.pkl,1250,Kids_II,zRT,9.5,0.5760416734959308,8.221552138401987e-10
trained_model_checkpoint_1260.pkl,1260,Kids_II,zRT,8.0,0.5760416734959308,8.221552138401987e-10
trained_model_checkpoint_1270.pkl,1270,Kids_II,zRT,9.5,0.5760416734959308,8.221552138401987e-10
trained_model_checkpoint_1280.pkl,1280,Kids_II,zRT,9.5,0.5760416734959308,8.221552138401987e-10
trained_model_checkpoint_1290.pkl,1290,Kids_II,zRT,8.0,0.4716705707686269,1.2291474841742818e-06
trained_model_checkpoint_1300.pkl,1300,Kids_II,zRT,9.5,0.5598801880854158,3.018833750901155e-09
trained_model_checkpoint_1310.pkl,1310,Kids_II,zRT,9.5,0.4695404982468422,1.3930778063894812e-06
trained_model_checkpoint_1320.pkl,1320,Kids_II,zRT,9.5,0.4408328990216278,6.952597723775929e-06
trained_model_checkpoint_1330.pkl,1330,Kids_II,zRT,8.0,0.4420378418756472,6.517753529353695e-06
trained_model_checkpoint_1340.pkl,1340,Kids_II,zRT,8.0,0.4408328990216278,6.952597723775929e-06
trained_model_checkpoint_1350.pkl,1350,Kids_II,zRT,8.0,0.4420378418756472,6.517753529353695e-06
trained_model_checkpoint_1360.pkl,1360,Kids_II,zRT,8.0,0.4119540567068206,3.043581383368306e-05
trained_model_checkpoint_1370.pkl,1370,Kids_II,zRT,9.5,0.4420378418756472,6.517753529353695e-06
trained_model_checkpoint_1380.pkl,1380,Kids_II,zRT,9.5,0.3995182261327997,5.519791094087751e-05
trained_model_checkpoint_1390.pkl,1390,Kids_II,zRT,8.0,0.3945891820809223,6.943731315437454e-05
trained_model_checkpoint_1400.pkl,1400,Kids_II,zRT,8.0,0.3773703546866619,0.0001505482847097
trained_model_checkpoint_1410.pkl,1410,Kids_II,zRT,8.0,0.3479188306395462,0.0005138693745267
trained_model_checkpoint_1420.pkl,1420,Kids_II,zRT,8.0,0.3280679505739872,0.0011020172253208
trained_model_checkpoint_1430.pkl,1430,Kids_II,zRT,8.0,0.3115740291764328,0.0020008601588998
trained_model_checkpoint_1440.pkl,1440,Kids_II,zRT,8.0,0.2800769922443622,0.0057136197707002
trained_model_checkpoint_1450.pkl,1450,Kids_II,zRT,9.5,0.2411918365099419,0.017918721264712
trained_model_checkpoint_1460.pkl,1460,Kids_II,zRT,9.5,0.2710266646935949,0.0075646175095093
trained_model_checkpoint_1470.pkl,1470,Kids_II,zRT,8.0,0.2353543712708331,0.020981830348756
trained_model_checkpoint_1480.pkl,1480,Kids_II,zRT,8.0,0.2353543712708331,0.020981830348756
trained_model_checkpoint_1490.pkl,1490,Kids_II,zRT,8.0,0.2177441865967079,0.0330773534396748
trained_model_checkpoint_1500.pkl,1500,Kids_II,zRT,8.0,0.1992455233746043,0.0516322174651845
